Name;ID;Country;Rank;3;Year;Rank;2;Year;Rank;1;Year;Rank;0;Year;Ideal;Rank;Max;Skill;Traits;Skill;Experience;Loyalty;Type;Picture;Start;Year;End;Year;x
“ª”]‹‰#001;9046001;U47;1930;1930;1930;1930;3;8;0;3;0;5;0;BETA;1930;2100;x
“ª”]‹‰#002;9046002;U47;1930;1930;1930;1930;3;8;0;3;0;5;0;BETA;1930;2100;x
“ª”]‹‰#003;9046003;U47;1930;1930;1930;1930;3;8;0;3;0;5;0;BETA;1930;2100;x
“ª”]‹‰#004;9046004;U47;1930;1930;1930;1930;3;8;0;3;0;5;0;BETA;1930;2100;x
“ª”]‹‰#005;9046005;U47;1930;1930;1930;1930;3;8;0;3;0;5;0;BETA;1930;2100;x
“ª”]‹‰#006;9046006;U47;1930;1930;1930;1930;3;8;0;3;0;5;0;BETA;1930;2100;x
“ª”]‹‰#007;9046007;U47;1930;1930;1930;1930;3;8;0;3;0;5;0;BETA;1930;2100;x
“ª”]‹‰#008;9046008;U47;1930;1930;1930;1930;3;8;0;3;0;5;0;BETA;1930;2100;x
“ª”]‹‰#009;9046009;U47;1930;1930;1930;1930;3;8;0;3;0;5;0;BETA;1930;2100;x
“ª”]‹‰#010;9046010;U47;1930;1930;1930;1930;3;8;0;3;0;5;0;BETA;1930;2100;x
“ª”]‹‰#011;9046011;U47;1930;1930;1930;1930;3;8;0;3;0;5;0;BETA;1930;2100;x
“ª”]‹‰#012;9046012;U47;1930;1930;1930;1930;3;8;0;3;0;5;0;BETA;1930;2100;x
“ª”]‹‰#013;9046013;U47;1930;1930;1930;1930;3;8;0;3;0;5;0;BETA;1930;2100;x
“ª”]‹‰#014;9046014;U47;1930;1930;1930;1930;3;8;0;3;0;5;0;BETA;1930;2100;x
“ª”]‹‰#015;9046015;U47;1930;1930;1930;1930;3;8;0;3;0;5;0;BETA;1930;2100;x
“ª”]‹‰#016;9046016;U47;1930;1930;1930;1930;3;8;0;3;0;5;0;BETA;1930;2100;x
“ª”]‹‰#017;9046017;U47;1930;1930;1930;1930;3;8;0;3;0;5;0;BETA;1930;2100;x
“ª”]‹‰#018;9046018;U47;1930;1930;1930;1930;3;8;0;3;0;5;0;BETA;1930;2100;x
“ª”]‹‰#019;9046019;U47;1930;1930;1930;1930;3;8;0;3;0;5;0;BETA;1930;2100;x
“ª”]‹‰#020;9046020;U47;1930;1930;1930;1930;3;8;0;3;0;5;0;BETA;1930;2100;x
“ª”]‹‰#021;9046021;U47;1930;1930;1930;1930;3;8;0;3;0;5;0;BETA;1930;2100;x
“ª”]‹‰#022;9046022;U47;1930;1930;1930;1930;3;8;0;3;0;5;0;BETA;1930;2100;x
“ª”]‹‰#023;9046023;U47;1930;1930;1930;1930;3;8;0;3;0;5;0;BETA;1930;2100;x
“ª”]‹‰#024;9046024;U47;1930;1930;1930;1930;3;8;0;3;0;5;0;BETA;1930;2100;x
“ª”]‹‰#025;9046025;U47;1930;1930;1930;1930;3;8;0;3;0;5;0;BETA;1930;2100;x
“ª”]‹‰#026;9046026;U47;1930;1930;1930;1930;3;8;0;3;0;5;0;BETA;1930;2100;x
“ª”]‹‰#027;9046027;U47;1930;1930;1930;1930;3;8;0;3;0;5;0;BETA;1930;2100;x
“ª”]‹‰#028;9046028;U47;1930;1930;1930;1930;3;8;0;3;0;5;0;BETA;1930;2100;x
“ª”]‹‰#029;9046029;U47;1930;1930;1930;1930;3;8;0;3;0;5;0;BETA;1930;2100;x
“ª”]‹‰#030;9046030;U47;1930;1930;1930;1930;3;8;0;3;0;5;0;BETA;1930;2100;x
“ª”]‹‰#031;9046031;U47;1930;1930;1930;1930;3;8;0;3;0;5;0;BETA;1930;2100;x
“ª”]‹‰#032;9046032;U47;1930;1930;1930;1930;3;8;0;3;0;5;0;BETA;1930;2100;x
“ª”]‹‰#033;9046033;U47;1930;1930;1930;1930;3;8;0;3;0;5;0;BETA;1930;2100;x
“ª”]‹‰#034;9046034;U47;1930;1930;1930;1930;3;8;0;3;0;5;0;BETA;1930;2100;x
“ª”]‹‰#035;9046035;U47;1930;1930;1930;1930;3;8;0;3;0;5;0;BETA;1930;2100;x
“ª”]‹‰#036;9046036;U47;1930;1930;1930;1930;3;8;0;3;0;5;0;BETA;1930;2100;x
“ª”]‹‰#037;9046037;U47;1930;1930;1930;1930;3;8;0;3;0;5;0;BETA;1930;2100;x
“ª”]‹‰#038;9046038;U47;1930;1930;1930;1930;3;8;0;3;0;5;0;BETA;1930;2100;x
“ª”]‹‰#039;9046039;U47;1930;1930;1930;1930;3;8;0;3;0;5;0;BETA;1930;2100;x
“ª”]‹‰#040;9046040;U47;1930;1930;1930;1930;3;8;0;3;0;5;0;BETA;1930;2100;x
“ª”]‹‰#041;9046041;U47;1930;1930;1930;1930;3;8;0;3;0;5;0;BETA;1930;2100;x
“ª”]‹‰#042;9046042;U47;1930;1930;1930;1930;3;8;0;3;0;5;0;BETA;1930;2100;x
“ª”]‹‰#043;9046043;U47;1930;1930;1930;1930;3;8;0;3;0;5;0;BETA;1930;2100;x
“ª”]‹‰#044;9046044;U47;1930;1930;1930;1930;3;8;0;3;0;5;0;BETA;1930;2100;x
“ª”]‹‰#045;9046045;U47;1930;1930;1930;1930;3;8;0;3;0;5;0;BETA;1930;2100;x
“ª”]‹‰#046;9046046;U47;1930;1930;1930;1930;3;8;0;3;0;5;0;BETA;1930;2100;x
“ª”]‹‰#047;9046047;U47;1930;1930;1930;1930;3;8;0;3;0;5;0;BETA;1930;2100;x
“ª”]‹‰#048;9046048;U47;1930;1930;1930;1930;3;8;0;3;0;5;0;BETA;1930;2100;x
“ª”]‹‰#049;9046049;U47;1930;1930;1930;1930;3;8;0;3;0;5;0;BETA;1930;2100;x
“ª”]‹‰#050;9046050;U47;1930;1930;1930;1930;3;8;0;3;0;5;0;BETA;1930;2100;x
“ª”]‹‰#051;9046051;U47;1930;1930;1930;1930;3;8;0;3;0;5;0;BETA;1930;2100;x
“ª”]‹‰#052;9046052;U47;1930;1930;1930;1930;3;8;0;3;0;5;0;BETA;1930;2100;x
“ª”]‹‰#053;9046053;U47;1930;1930;1930;1930;3;8;0;3;0;5;0;BETA;1930;2100;x
“ª”]‹‰#054;9046054;U47;1930;1930;1930;1930;3;8;0;3;0;5;0;BETA;1930;2100;x
“ª”]‹‰#055;9046055;U47;1930;1930;1930;1930;3;8;0;3;0;5;0;BETA;1930;2100;x
“ª”]‹‰#056;9046056;U47;1930;1930;1930;1930;3;8;0;3;0;5;0;BETA;1930;2100;x
“ª”]‹‰#057;9046057;U47;1930;1930;1930;1930;3;8;0;3;0;5;0;BETA;1930;2100;x
“ª”]‹‰#058;9046058;U47;1930;1930;1930;1930;3;8;0;3;0;5;0;BETA;1930;2100;x
“ª”]‹‰#059;9046059;U47;1930;1930;1930;1930;3;8;0;3;0;5;0;BETA;1930;2100;x
“ª”]‹‰#060;9046060;U47;1930;1930;1930;1930;3;8;0;3;0;5;0;BETA;1930;2100;x
“ª”]‹‰#061;9046061;U47;1930;1930;1930;1930;3;8;0;3;0;5;0;BETA;1930;2100;x
“ª”]‹‰#062;9046062;U47;1930;1930;1930;1930;3;8;0;3;0;5;0;BETA;1930;2100;x
“ª”]‹‰#063;9046063;U47;1930;1930;1930;1930;3;8;0;3;0;5;0;BETA;1930;2100;x
“ª”]‹‰#064;9046064;U47;1930;1930;1930;1930;3;8;0;3;0;5;0;BETA;1930;2100;x
“ª”]‹‰#065;9046065;U47;1930;1930;1930;1930;3;8;0;3;0;5;0;BETA;1930;2100;x
“ª”]‹‰#066;9046066;U47;1930;1930;1930;1930;3;8;0;3;0;5;0;BETA;1930;2100;x
“ª”]‹‰#067;9046067;U47;1930;1930;1930;1930;3;8;0;3;0;5;0;BETA;1930;2100;x
“ª”]‹‰#068;9046068;U47;1930;1930;1930;1930;3;8;0;3;0;5;0;BETA;1930;2100;x
“ª”]‹‰#069;9046069;U47;1930;1930;1930;1930;3;8;0;3;0;5;0;BETA;1930;2100;x
“ª”]‹‰#070;9046070;U47;1930;1930;1930;1930;3;8;0;3;0;5;0;BETA;1930;2100;x
“ª”]‹‰#071;9046071;U47;1930;1930;1930;1930;3;8;0;3;0;5;0;BETA;1930;2100;x
“ª”]‹‰#072;9046072;U47;1930;1930;1930;1930;3;8;0;3;0;5;0;BETA;1930;2100;x
“ª”]‹‰#073;9046073;U47;1930;1930;1930;1930;3;8;0;3;0;5;0;BETA;1930;2100;x
“ª”]‹‰#074;9046074;U47;1930;1930;1930;1930;3;8;0;3;0;5;0;BETA;1930;2100;x
“ª”]‹‰#075;9046075;U47;1930;1930;1930;1930;3;8;0;3;0;5;0;BETA;1930;2100;x
“ª”]‹‰#076;9046076;U47;1930;1930;1930;1930;3;8;0;3;0;5;0;BETA;1930;2100;x
“ª”]‹‰#077;9046077;U47;1930;1930;1930;1930;3;8;0;3;0;5;0;BETA;1930;2100;x
“ª”]‹‰#078;9046078;U47;1930;1930;1930;1930;3;8;0;3;0;5;0;BETA;1930;2100;x
“ª”]‹‰#079;9046079;U47;1930;1930;1930;1930;3;8;0;3;0;5;0;BETA;1930;2100;x
“ª”]‹‰#080;9046080;U47;1930;1930;1930;1930;3;8;0;3;0;5;0;BETA;1930;2100;x
“ª”]‹‰#081;9046081;U47;1930;1930;1930;1930;3;8;0;3;0;5;0;BETA;1930;2100;x
“ª”]‹‰#082;9046082;U47;1930;1930;1930;1930;3;8;0;3;0;5;0;BETA;1930;2100;x
“ª”]‹‰#083;9046083;U47;1930;1930;1930;1930;3;8;0;3;0;5;0;BETA;1930;2100;x
“ª”]‹‰#084;9046084;U47;1930;1930;1930;1930;3;8;0;3;0;5;0;BETA;1930;2100;x
“ª”]‹‰#085;9046085;U47;1930;1930;1930;1930;3;8;0;3;0;5;0;BETA;1930;2100;x
“ª”]‹‰#086;9046086;U47;1930;1930;1930;1930;3;8;0;3;0;5;0;BETA;1930;2100;x
“ª”]‹‰#087;9046087;U47;1930;1930;1930;1930;3;8;0;3;0;5;0;BETA;1930;2100;x
“ª”]‹‰#088;9046088;U47;1930;1930;1930;1930;3;8;0;3;0;5;0;BETA;1930;2100;x
“ª”]‹‰#089;9046089;U47;1930;1930;1930;1930;3;8;0;3;0;5;0;BETA;1930;2100;x
“ª”]‹‰#090;9046090;U47;1930;1930;1930;1930;3;8;0;3;0;5;0;BETA;1930;2100;x
“ª”]‹‰#091;9046091;U47;1930;1930;1930;1930;3;8;0;3;0;5;0;BETA;1930;2100;x
“ª”]‹‰#092;9046092;U47;1930;1930;1930;1930;3;8;0;3;0;5;0;BETA;1930;2100;x
“ª”]‹‰#093;9046093;U47;1930;1930;1930;1930;3;8;0;3;0;5;0;BETA;1930;2100;x
“ª”]‹‰#094;9046094;U47;1930;1930;1930;1930;3;8;0;3;0;5;0;BETA;1930;2100;x
“ª”]‹‰#095;9046095;U47;1930;1930;1930;1930;3;8;0;3;0;5;0;BETA;1930;2100;x
“ª”]‹‰#096;9046096;U47;1930;1930;1930;1930;3;8;0;3;0;5;0;BETA;1930;2100;x
“ª”]‹‰#097;9046097;U47;1930;1930;1930;1930;3;8;0;3;0;5;0;BETA;1930;2100;x
“ª”]‹‰#098;9046098;U47;1930;1930;1930;1930;3;8;0;3;0;5;0;BETA;1930;2100;x
“ª”]‹‰#099;9046099;U47;1930;1930;1930;1930;3;8;0;3;0;5;0;BETA;1930;2100;x
“ª”]‹‰#100;9046100;U47;1930;1930;1930;1930;3;8;0;3;0;5;0;BETA;1930;2100;x
“ª”]‹‰#101;9046101;U47;1930;1930;1930;1930;3;8;0;3;0;5;0;BETA;1930;2100;x
“ª”]‹‰#102;9046102;U47;1930;1930;1930;1930;3;8;0;3;0;5;0;BETA;1930;2100;x
“ª”]‹‰#103;9046103;U47;1930;1930;1930;1930;3;8;0;3;0;5;0;BETA;1930;2100;x
“ª”]‹‰#104;9046104;U47;1930;1930;1930;1930;3;8;0;3;0;5;0;BETA;1930;2100;x
“ª”]‹‰#105;9046105;U47;1930;1930;1930;1930;3;8;0;3;0;5;0;BETA;1930;2100;x
“ª”]‹‰#106;9046106;U47;1930;1930;1930;1930;3;8;0;3;0;5;0;BETA;1930;2100;x
“ª”]‹‰#107;9046107;U47;1930;1930;1930;1930;3;8;0;3;0;5;0;BETA;1930;2100;x
“ª”]‹‰#108;9046108;U47;1930;1930;1930;1930;3;8;0;3;0;5;0;BETA;1930;2100;x
“ª”]‹‰#109;9046109;U47;1930;1930;1930;1930;3;8;0;3;0;5;0;BETA;1930;2100;x
“ª”]‹‰#110;9046110;U47;1930;1930;1930;1930;3;8;0;3;0;5;0;BETA;1930;2100;x
“ª”]‹‰#111;9046111;U47;1930;1930;1930;1930;3;8;0;3;0;5;0;BETA;1930;2100;x
“ª”]‹‰#112;9046112;U47;1930;1930;1930;1930;3;8;0;3;0;5;0;BETA;1930;2100;x
“ª”]‹‰#113;9046113;U47;1930;1930;1930;1930;3;8;0;3;0;5;0;BETA;1930;2100;x
“ª”]‹‰#114;9046114;U47;1930;1930;1930;1930;3;8;0;3;0;5;0;BETA;1930;2100;x
“ª”]‹‰#115;9046115;U47;1930;1930;1930;1930;3;8;0;3;0;5;0;BETA;1930;2100;x
“ª”]‹‰#116;9046116;U47;1930;1930;1930;1930;3;8;0;3;0;5;0;BETA;1930;2100;x
“ª”]‹‰#117;9046117;U47;1930;1930;1930;1930;3;8;0;3;0;5;0;BETA;1930;2100;x
“ª”]‹‰#118;9046118;U47;1930;1930;1930;1930;3;8;0;3;0;5;0;BETA;1930;2100;x
“ª”]‹‰#119;9046119;U47;1930;1930;1930;1930;3;8;0;3;0;5;0;BETA;1930;2100;x
“ª”]‹‰#120;9046120;U47;1930;1930;1930;1930;3;8;0;3;0;5;0;BETA;1930;2100;x
“ª”]‹‰#121;9046121;U47;1930;1930;1930;1930;3;8;0;3;0;5;0;BETA;1930;2100;x
“ª”]‹‰#122;9046122;U47;1930;1930;1930;1930;3;8;0;3;0;5;0;BETA;1930;2100;x
“ª”]‹‰#123;9046123;U47;1930;1930;1930;1930;3;8;0;3;0;5;0;BETA;1930;2100;x
“ª”]‹‰#124;9046124;U47;1930;1930;1930;1930;3;8;0;3;0;5;0;BETA;1930;2100;x
“ª”]‹‰#125;9046125;U47;1930;1930;1930;1930;3;8;0;3;0;5;0;BETA;1930;2100;x
“ª”]‹‰#126;9046126;U47;1930;1930;1930;1930;3;8;0;3;0;5;0;BETA;1930;2100;x
“ª”]‹‰#127;9046127;U47;1930;1930;1930;1930;3;8;0;3;0;5;0;BETA;1930;2100;x
“ª”]‹‰#128;9046128;U47;1930;1930;1930;1930;3;8;0;3;0;5;0;BETA;1930;2100;x
“ª”]‹‰#129;9046129;U47;1930;1930;1930;1930;3;8;0;3;0;5;0;BETA;1930;2100;x
“ª”]‹‰#130;9046130;U47;1930;1930;1930;1930;3;8;0;3;0;5;0;BETA;1930;2100;x
“ª”]‹‰#131;9046131;U47;1930;1930;1930;1930;3;8;0;3;0;5;0;BETA;1930;2100;x
“ª”]‹‰#132;9046132;U47;1930;1930;1930;1930;3;8;0;3;0;5;0;BETA;1930;2100;x
“ª”]‹‰#133;9046133;U47;1930;1930;1930;1930;3;8;0;3;0;5;0;BETA;1930;2100;x
“ª”]‹‰#134;9046134;U47;1930;1930;1930;1930;3;8;0;3;0;5;0;BETA;1930;2100;x
“ª”]‹‰#135;9046135;U47;1930;1930;1930;1930;3;8;0;3;0;5;0;BETA;1930;2100;x
“ª”]‹‰#136;9046136;U47;1930;1930;1930;1930;3;8;0;3;0;5;0;BETA;1930;2100;x
“ª”]‹‰#137;9046137;U47;1930;1930;1930;1930;3;8;0;3;0;5;0;BETA;1930;2100;x
“ª”]‹‰#138;9046138;U47;1930;1930;1930;1930;3;8;0;3;0;5;0;BETA;1930;2100;x
“ª”]‹‰#139;9046139;U47;1930;1930;1930;1930;3;8;0;3;0;5;0;BETA;1930;2100;x
“ª”]‹‰#140;9046140;U47;1930;1930;1930;1930;3;8;0;3;0;5;0;BETA;1930;2100;x
“ª”]‹‰#141;9046141;U47;1930;1930;1930;1930;3;8;0;3;0;5;0;BETA;1930;2100;x
“ª”]‹‰#142;9046142;U47;1930;1930;1930;1930;3;8;0;3;0;5;0;BETA;1930;2100;x
“ª”]‹‰#143;9046143;U47;1930;1930;1930;1930;3;8;0;3;0;5;0;BETA;1930;2100;x
“ª”]‹‰#144;9046144;U47;1930;1930;1930;1930;3;8;0;3;0;5;0;BETA;1930;2100;x
“ª”]‹‰#145;9046145;U47;1930;1930;1930;1930;3;8;0;3;0;5;0;BETA;1930;2100;x
“ª”]‹‰#146;9046146;U47;1930;1930;1930;1930;3;8;0;3;0;5;0;BETA;1930;2100;x
“ª”]‹‰#147;9046147;U47;1930;1930;1930;1930;3;8;0;3;0;5;0;BETA;1930;2100;x
“ª”]‹‰#148;9046148;U47;1930;1930;1930;1930;3;8;0;3;0;5;0;BETA;1930;2100;x
“ª”]‹‰#149;9046149;U47;1930;1930;1930;1930;3;8;0;3;0;5;0;BETA;1930;2100;x
“ª”]‹‰#150;9046150;U47;1930;1930;1930;1930;3;8;0;3;0;5;0;BETA;1930;2100;x
“ª”]‹‰#151;9046151;U47;1930;1930;1930;1930;3;8;0;3;0;5;0;BETA;1930;2100;x
“ª”]‹‰#152;9046152;U47;1930;1930;1930;1930;3;8;0;3;0;5;0;BETA;1930;2100;x
“ª”]‹‰#153;9046153;U47;1930;1930;1930;1930;3;8;0;3;0;5;0;BETA;1930;2100;x
“ª”]‹‰#154;9046154;U47;1930;1930;1930;1930;3;8;0;3;0;5;0;BETA;1930;2100;x
“ª”]‹‰#155;9046155;U47;1930;1930;1930;1930;3;8;0;3;0;5;0;BETA;1930;2100;x
“ª”]‹‰#156;9046156;U47;1930;1930;1930;1930;3;8;0;3;0;5;0;BETA;1930;2100;x
“ª”]‹‰#157;9046157;U47;1930;1930;1930;1930;3;8;0;3;0;5;0;BETA;1930;2100;x
“ª”]‹‰#158;9046158;U47;1930;1930;1930;1930;3;8;0;3;0;5;0;BETA;1930;2100;x
“ª”]‹‰#159;9046159;U47;1930;1930;1930;1930;3;8;0;3;0;5;0;BETA;1930;2100;x
“ª”]‹‰#160;9046160;U47;1930;1930;1930;1930;3;8;0;3;0;5;0;BETA;1930;2100;x
“ª”]‹‰#161;9046161;U47;1930;1930;1930;1930;3;8;0;3;0;5;0;BETA;1930;2100;x
“ª”]‹‰#162;9046162;U47;1930;1930;1930;1930;3;8;0;3;0;5;0;BETA;1930;2100;x
“ª”]‹‰#163;9046163;U47;1930;1930;1930;1930;3;8;0;3;0;5;0;BETA;1930;2100;x
“ª”]‹‰#164;9046164;U47;1930;1930;1930;1930;3;8;0;3;0;5;0;BETA;1930;2100;x
“ª”]‹‰#165;9046165;U47;1930;1930;1930;1930;3;8;0;3;0;5;0;BETA;1930;2100;x
“ª”]‹‰#166;9046166;U47;1930;1930;1930;1930;3;8;0;3;0;5;0;BETA;1930;2100;x
“ª”]‹‰#167;9046167;U47;1930;1930;1930;1930;3;8;0;3;0;5;0;BETA;1930;2100;x
“ª”]‹‰#168;9046168;U47;1930;1930;1930;1930;3;8;0;3;0;5;0;BETA;1930;2100;x
“ª”]‹‰#169;9046169;U47;1930;1930;1930;1930;3;8;0;3;0;5;0;BETA;1930;2100;x
“ª”]‹‰#170;9046170;U47;1930;1930;1930;1930;3;8;0;3;0;5;0;BETA;1930;2100;x
“ª”]‹‰#171;9046171;U47;1930;1930;1930;1930;3;8;0;3;0;5;0;BETA;1930;2100;x
“ª”]‹‰#172;9046172;U47;1930;1930;1930;1930;3;8;0;3;0;5;0;BETA;1930;2100;x
“ª”]‹‰#173;9046173;U47;1930;1930;1930;1930;3;8;0;3;0;5;0;BETA;1930;2100;x
“ª”]‹‰#174;9046174;U47;1930;1930;1930;1930;3;8;0;3;0;5;0;BETA;1930;2100;x
“ª”]‹‰#175;9046175;U47;1930;1930;1930;1930;3;8;0;3;0;5;0;BETA;1930;2100;x
“ª”]‹‰#176;9046176;U47;1930;1930;1930;1930;3;8;0;3;0;5;0;BETA;1930;2100;x
“ª”]‹‰#177;9046177;U47;1930;1930;1930;1930;3;8;0;3;0;5;0;BETA;1930;2100;x
“ª”]‹‰#178;9046178;U47;1930;1930;1930;1930;3;8;0;3;0;5;0;BETA;1930;2100;x
“ª”]‹‰#179;9046179;U47;1930;1930;1930;1930;3;8;0;3;0;5;0;BETA;1930;2100;x
“ª”]‹‰#180;9046180;U47;1930;1930;1930;1930;3;8;0;3;0;5;0;BETA;1930;2100;x
“ª”]‹‰#181;9046181;U47;1930;1930;1930;1930;3;8;0;3;0;5;0;BETA;1930;2100;x
“ª”]‹‰#182;9046182;U47;1930;1930;1930;1930;3;8;0;3;0;5;0;BETA;1930;2100;x
“ª”]‹‰#183;9046183;U47;1930;1930;1930;1930;3;8;0;3;0;5;0;BETA;1930;2100;x
“ª”]‹‰#184;9046184;U47;1930;1930;1930;1930;3;8;0;3;0;5;0;BETA;1930;2100;x
“ª”]‹‰#185;9046185;U47;1930;1930;1930;1930;3;8;0;3;0;5;0;BETA;1930;2100;x
“ª”]‹‰#186;9046186;U47;1930;1930;1930;1930;3;8;0;3;0;5;0;BETA;1930;2100;x
“ª”]‹‰#187;9046187;U47;1930;1930;1930;1930;3;8;0;3;0;5;0;BETA;1930;2100;x
“ª”]‹‰#188;9046188;U47;1930;1930;1930;1930;3;8;0;3;0;5;0;BETA;1930;2100;x
“ª”]‹‰#189;9046189;U47;1930;1930;1930;1930;3;8;0;3;0;5;0;BETA;1930;2100;x
“ª”]‹‰#190;9046190;U47;1930;1930;1930;1930;3;8;0;3;0;5;0;BETA;1930;2100;x
“ª”]‹‰#191;9046191;U47;1930;1930;1930;1930;3;8;0;3;0;5;0;BETA;1930;2100;x
“ª”]‹‰#192;9046192;U47;1930;1930;1930;1930;3;8;0;3;0;5;0;BETA;1930;2100;x
“ª”]‹‰#193;9046193;U47;1930;1930;1930;1930;3;8;0;3;0;5;0;BETA;1930;2100;x
“ª”]‹‰#194;9046194;U47;1930;1930;1930;1930;3;8;0;3;0;5;0;BETA;1930;2100;x
“ª”]‹‰#195;9046195;U47;1930;1930;1930;1930;3;8;0;3;0;5;0;BETA;1930;2100;x
“ª”]‹‰#196;9046196;U47;1930;1930;1930;1930;3;8;0;3;0;5;0;BETA;1930;2100;x
“ª”]‹‰#197;9046197;U47;1930;1930;1930;1930;3;8;0;3;0;5;0;BETA;1930;2100;x
“ª”]‹‰#198;9046198;U47;1930;1930;1930;1930;3;8;0;3;0;5;0;BETA;1930;2100;x
“ª”]‹‰#199;9046199;U47;1930;1930;1930;1930;3;8;0;3;0;5;0;BETA;1930;2100;x
“ª”]‹‰#200;9046200;U47;1930;1930;1930;1930;3;8;0;3;0;5;0;BETA;1930;2100;x
“ª”]‹‰#201;9046201;U47;1930;1930;1930;1930;3;8;0;3;0;5;0;BETA;1930;2100;x
“ª”]‹‰#202;9046202;U47;1930;1930;1930;1930;3;8;0;3;0;5;0;BETA;1930;2100;x
“ª”]‹‰#203;9046203;U47;1930;1930;1930;1930;3;8;0;3;0;5;0;BETA;1930;2100;x
“ª”]‹‰#204;9046204;U47;1930;1930;1930;1930;3;8;0;3;0;5;0;BETA;1930;2100;x
“ª”]‹‰#205;9046205;U47;1930;1930;1930;1930;3;8;0;3;0;5;0;BETA;1930;2100;x
“ª”]‹‰#206;9046206;U47;1930;1930;1930;1930;3;8;0;3;0;5;0;BETA;1930;2100;x
“ª”]‹‰#207;9046207;U47;1930;1930;1930;1930;3;8;0;3;0;5;0;BETA;1930;2100;x
“ª”]‹‰#208;9046208;U47;1930;1930;1930;1930;3;8;0;3;0;5;0;BETA;1930;2100;x
“ª”]‹‰#209;9046209;U47;1930;1930;1930;1930;3;8;0;3;0;5;0;BETA;1930;2100;x
“ª”]‹‰#210;9046210;U47;1930;1930;1930;1930;3;8;0;3;0;5;0;BETA;1930;2100;x
“ª”]‹‰#211;9046211;U47;1930;1930;1930;1930;3;8;0;3;0;5;0;BETA;1930;2100;x
“ª”]‹‰#212;9046212;U47;1930;1930;1930;1930;3;8;0;3;0;5;0;BETA;1930;2100;x
“ª”]‹‰#213;9046213;U47;1930;1930;1930;1930;3;8;0;3;0;5;0;BETA;1930;2100;x
“ª”]‹‰#214;9046214;U47;1930;1930;1930;1930;3;8;0;3;0;5;0;BETA;1930;2100;x
“ª”]‹‰#215;9046215;U47;1930;1930;1930;1930;3;8;0;3;0;5;0;BETA;1930;2100;x
“ª”]‹‰#216;9046216;U47;1930;1930;1930;1930;3;8;0;3;0;5;0;BETA;1930;2100;x
“ª”]‹‰#217;9046217;U47;1930;1930;1930;1930;3;8;0;3;0;5;0;BETA;1930;2100;x
“ª”]‹‰#218;9046218;U47;1930;1930;1930;1930;3;8;0;3;0;5;0;BETA;1930;2100;x
“ª”]‹‰#219;9046219;U47;1930;1930;1930;1930;3;8;0;3;0;5;0;BETA;1930;2100;x
“ª”]‹‰#220;9046220;U47;1930;1930;1930;1930;3;8;0;3;0;5;0;BETA;1930;2100;x
“ª”]‹‰#221;9046221;U47;1930;1930;1930;1930;3;8;0;3;0;5;0;BETA;1930;2100;x
“ª”]‹‰#222;9046222;U47;1930;1930;1930;1930;3;8;0;3;0;5;0;BETA;1930;2100;x
“ª”]‹‰#223;9046223;U47;1930;1930;1930;1930;3;8;0;3;0;5;0;BETA;1930;2100;x
“ª”]‹‰#224;9046224;U47;1930;1930;1930;1930;3;8;0;3;0;5;0;BETA;1930;2100;x
“ª”]‹‰#225;9046225;U47;1930;1930;1930;1930;3;8;0;3;0;5;0;BETA;1930;2100;x
“ª”]‹‰#226;9046226;U47;1930;1930;1930;1930;3;8;0;3;0;5;0;BETA;1930;2100;x
“ª”]‹‰#227;9046227;U47;1930;1930;1930;1930;3;8;0;3;0;5;0;BETA;1930;2100;x
“ª”]‹‰#228;9046228;U47;1930;1930;1930;1930;3;8;0;3;0;5;0;BETA;1930;2100;x
“ª”]‹‰#229;9046229;U47;1930;1930;1930;1930;3;8;0;3;0;5;0;BETA;1930;2100;x
“ª”]‹‰#230;9046230;U47;1930;1930;1930;1930;3;8;0;3;0;5;0;BETA;1930;2100;x
“ª”]‹‰#231;9046231;U47;1930;1930;1930;1930;3;8;0;3;0;5;0;BETA;1930;2100;x
“ª”]‹‰#232;9046232;U47;1930;1930;1930;1930;3;8;0;3;0;5;0;BETA;1930;2100;x
“ª”]‹‰#233;9046233;U47;1930;1930;1930;1930;3;8;0;3;0;5;0;BETA;1930;2100;x
“ª”]‹‰#234;9046234;U47;1930;1930;1930;1930;3;8;0;3;0;5;0;BETA;1930;2100;x
“ª”]‹‰#235;9046235;U47;1930;1930;1930;1930;3;8;0;3;0;5;0;BETA;1930;2100;x
“ª”]‹‰#236;9046236;U47;1930;1930;1930;1930;3;8;0;3;0;5;0;BETA;1930;2100;x
“ª”]‹‰#237;9046237;U47;1930;1930;1930;1930;3;8;0;3;0;5;0;BETA;1930;2100;x
“ª”]‹‰#238;9046238;U47;1930;1930;1930;1930;3;8;0;3;0;5;0;BETA;1930;2100;x
“ª”]‹‰#239;9046239;U47;1930;1930;1930;1930;3;8;0;3;0;5;0;BETA;1930;2100;x
“ª”]‹‰#240;9046240;U47;1930;1930;1930;1930;3;8;0;3;0;5;0;BETA;1930;2100;x
“ª”]‹‰#241;9046241;U47;1930;1930;1930;1930;3;8;0;3;0;5;0;BETA;1930;2100;x
“ª”]‹‰#242;9046242;U47;1930;1930;1930;1930;3;8;0;3;0;5;0;BETA;1930;2100;x
“ª”]‹‰#243;9046243;U47;1930;1930;1930;1930;3;8;0;3;0;5;0;BETA;1930;2100;x
“ª”]‹‰#244;9046244;U47;1930;1930;1930;1930;3;8;0;3;0;5;0;BETA;1930;2100;x
“ª”]‹‰#245;9046245;U47;1930;1930;1930;1930;3;8;0;3;0;5;0;BETA;1930;2100;x
“ª”]‹‰#246;9046246;U47;1930;1930;1930;1930;3;8;0;3;0;5;0;BETA;1930;2100;x
“ª”]‹‰#247;9046247;U47;1930;1930;1930;1930;3;8;0;3;0;5;0;BETA;1930;2100;x
“ª”]‹‰#248;9046248;U47;1930;1930;1930;1930;3;8;0;3;0;5;0;BETA;1930;2100;x
“ª”]‹‰#249;9046249;U47;1930;1930;1930;1930;3;8;0;3;0;5;0;BETA;1930;2100;x
“ª”]‹‰#250;9046250;U47;1930;1930;1930;1930;3;8;0;3;0;5;0;BETA;1930;2100;x
“ª”]‹‰#251;9046251;U47;1930;1930;1930;1930;3;8;0;3;0;5;0;BETA;1930;2100;x
“ª”]‹‰#252;9046252;U47;1930;1930;1930;1930;3;8;0;3;0;5;0;BETA;1930;2100;x
“ª”]‹‰#253;9046253;U47;1930;1930;1930;1930;3;8;0;3;0;5;0;BETA;1930;2100;x
“ª”]‹‰#254;9046254;U47;1930;1930;1930;1930;3;8;0;3;0;5;0;BETA;1930;2100;x
“ª”]‹‰#255;9046255;U47;1930;1930;1930;1930;3;8;0;3;0;5;0;BETA;1930;2100;x
“ª”]‹‰#256;9046256;U47;1930;1930;1930;1930;3;8;0;3;0;5;0;BETA;1930;2100;x
“ª”]‹‰#257;9046257;U47;1930;1930;1930;1930;3;8;0;3;0;5;0;BETA;1930;2100;x
“ª”]‹‰#258;9046258;U47;1930;1930;1930;1930;3;8;0;3;0;5;0;BETA;1930;2100;x
“ª”]‹‰#259;9046259;U47;1930;1930;1930;1930;3;8;0;3;0;5;0;BETA;1930;2100;x
“ª”]‹‰#260;9046260;U47;1930;1930;1930;1930;3;8;0;3;0;5;0;BETA;1930;2100;x
“ª”]‹‰#261;9046261;U47;1930;1930;1930;1930;3;8;0;3;0;5;0;BETA;1930;2100;x
“ª”]‹‰#262;9046262;U47;1930;1930;1930;1930;3;8;0;3;0;5;0;BETA;1930;2100;x
“ª”]‹‰#263;9046263;U47;1930;1930;1930;1930;3;8;0;3;0;5;0;BETA;1930;2100;x
“ª”]‹‰#264;9046264;U47;1930;1930;1930;1930;3;8;0;3;0;5;0;BETA;1930;2100;x
“ª”]‹‰#265;9046265;U47;1930;1930;1930;1930;3;8;0;3;0;5;0;BETA;1930;2100;x
“ª”]‹‰#266;9046266;U47;1930;1930;1930;1930;3;8;0;3;0;5;0;BETA;1930;2100;x
“ª”]‹‰#267;9046267;U47;1930;1930;1930;1930;3;8;0;3;0;5;0;BETA;1930;2100;x
“ª”]‹‰#268;9046268;U47;1930;1930;1930;1930;3;8;0;3;0;5;0;BETA;1930;2100;x
“ª”]‹‰#269;9046269;U47;1930;1930;1930;1930;3;8;0;3;0;5;0;BETA;1930;2100;x
“ª”]‹‰#270;9046270;U47;1930;1930;1930;1930;3;8;0;3;0;5;0;BETA;1930;2100;x
“ª”]‹‰#271;9046271;U47;1930;1930;1930;1930;3;8;0;3;0;5;0;BETA;1930;2100;x
“ª”]‹‰#272;9046272;U47;1930;1930;1930;1930;3;8;0;3;0;5;0;BETA;1930;2100;x
“ª”]‹‰#273;9046273;U47;1930;1930;1930;1930;3;8;0;3;0;5;0;BETA;1930;2100;x
“ª”]‹‰#274;9046274;U47;1930;1930;1930;1930;3;8;0;3;0;5;0;BETA;1930;2100;x
“ª”]‹‰#275;9046275;U47;1930;1930;1930;1930;3;8;0;3;0;5;0;BETA;1930;2100;x
“ª”]‹‰#276;9046276;U47;1930;1930;1930;1930;3;8;0;3;0;5;0;BETA;1930;2100;x
“ª”]‹‰#277;9046277;U47;1930;1930;1930;1930;3;8;0;3;0;5;0;BETA;1930;2100;x
“ª”]‹‰#278;9046278;U47;1930;1930;1930;1930;3;8;0;3;0;5;0;BETA;1930;2100;x
“ª”]‹‰#279;9046279;U47;1930;1930;1930;1930;3;8;0;3;0;5;0;BETA;1930;2100;x
“ª”]‹‰#280;9046280;U47;1930;1930;1930;1930;3;8;0;3;0;5;0;BETA;1930;2100;x
“ª”]‹‰#281;9046281;U47;1930;1930;1930;1930;3;8;0;3;0;5;0;BETA;1930;2100;x
“ª”]‹‰#282;9046282;U47;1930;1930;1930;1930;3;8;0;3;0;5;0;BETA;1930;2100;x
“ª”]‹‰#283;9046283;U47;1930;1930;1930;1930;3;8;0;3;0;5;0;BETA;1930;2100;x
“ª”]‹‰#284;9046284;U47;1930;1930;1930;1930;3;8;0;3;0;5;0;BETA;1930;2100;x
“ª”]‹‰#285;9046285;U47;1930;1930;1930;1930;3;8;0;3;0;5;0;BETA;1930;2100;x
“ª”]‹‰#286;9046286;U47;1930;1930;1930;1930;3;8;0;3;0;5;0;BETA;1930;2100;x
“ª”]‹‰#287;9046287;U47;1930;1930;1930;1930;3;8;0;3;0;5;0;BETA;1930;2100;x
“ª”]‹‰#288;9046288;U47;1930;1930;1930;1930;3;8;0;3;0;5;0;BETA;1930;2100;x
“ª”]‹‰#289;9046289;U47;1930;1930;1930;1930;3;8;0;3;0;5;0;BETA;1930;2100;x
“ª”]‹‰#290;9046290;U47;1930;1930;1930;1930;3;8;0;3;0;5;0;BETA;1930;2100;x
“ª”]‹‰#291;9046291;U47;1930;1930;1930;1930;3;8;0;3;0;5;0;BETA;1930;2100;x
“ª”]‹‰#292;9046292;U47;1930;1930;1930;1930;3;8;0;3;0;5;0;BETA;1930;2100;x
“ª”]‹‰#293;9046293;U47;1930;1930;1930;1930;3;8;0;3;0;5;0;BETA;1930;2100;x
“ª”]‹‰#294;9046294;U47;1930;1930;1930;1930;3;8;0;3;0;5;0;BETA;1930;2100;x
“ª”]‹‰#295;9046295;U47;1930;1930;1930;1930;3;8;0;3;0;5;0;BETA;1930;2100;x
“ª”]‹‰#296;9046296;U47;1930;1930;1930;1930;3;8;0;3;0;5;0;BETA;1930;2100;x
“ª”]‹‰#297;9046297;U47;1930;1930;1930;1930;3;8;0;3;0;5;0;BETA;1930;2100;x
“ª”]‹‰#298;9046298;U47;1930;1930;1930;1930;3;8;0;3;0;5;0;BETA;1930;2100;x
“ª”]‹‰#299;9046299;U47;1930;1930;1930;1930;3;8;0;3;0;5;0;BETA;1930;2100;x
“ª”]‹‰#300;9046300;U47;1930;1930;1930;1930;3;8;0;3;0;5;0;BETA;1930;2100;x
“ª”]‹‰#301;9046301;U47;1930;1930;1930;1930;3;8;0;3;0;5;0;BETA;1930;2100;x
“ª”]‹‰#302;9046302;U47;1930;1930;1930;1930;3;8;0;3;0;5;0;BETA;1930;2100;x
“ª”]‹‰#303;9046303;U47;1930;1930;1930;1930;3;8;0;3;0;5;0;BETA;1930;2100;x
“ª”]‹‰#304;9046304;U47;1930;1930;1930;1930;3;8;0;3;0;5;0;BETA;1930;2100;x
“ª”]‹‰#305;9046305;U47;1930;1930;1930;1930;3;8;0;3;0;5;0;BETA;1930;2100;x
“ª”]‹‰#306;9046306;U47;1930;1930;1930;1930;3;8;0;3;0;5;0;BETA;1930;2100;x
“ª”]‹‰#307;9046307;U47;1930;1930;1930;1930;3;8;0;3;0;5;0;BETA;1930;2100;x
“ª”]‹‰#308;9046308;U47;1930;1930;1930;1930;3;8;0;3;0;5;0;BETA;1930;2100;x
“ª”]‹‰#309;9046309;U47;1930;1930;1930;1930;3;8;0;3;0;5;0;BETA;1930;2100;x
“ª”]‹‰#310;9046310;U47;1930;1930;1930;1930;3;8;0;3;0;5;0;BETA;1930;2100;x
“ª”]‹‰#311;9046311;U47;1930;1930;1930;1930;3;8;0;3;0;5;0;BETA;1930;2100;x
“ª”]‹‰#312;9046312;U47;1930;1930;1930;1930;3;8;0;3;0;5;0;BETA;1930;2100;x
“ª”]‹‰#313;9046313;U47;1930;1930;1930;1930;3;8;0;3;0;5;0;BETA;1930;2100;x
“ª”]‹‰#314;9046314;U47;1930;1930;1930;1930;3;8;0;3;0;5;0;BETA;1930;2100;x
“ª”]‹‰#315;9046315;U47;1930;1930;1930;1930;3;8;0;3;0;5;0;BETA;1930;2100;x
“ª”]‹‰#316;9046316;U47;1930;1930;1930;1930;3;8;0;3;0;5;0;BETA;1930;2100;x
“ª”]‹‰#317;9046317;U47;1930;1930;1930;1930;3;8;0;3;0;5;0;BETA;1930;2100;x
“ª”]‹‰#318;9046318;U47;1930;1930;1930;1930;3;8;0;3;0;5;0;BETA;1930;2100;x
“ª”]‹‰#319;9046319;U47;1930;1930;1930;1930;3;8;0;3;0;5;0;BETA;1930;2100;x
“ª”]‹‰#320;9046320;U47;1930;1930;1930;1930;3;8;0;3;0;5;0;BETA;1930;2100;x
“ª”]‹‰#321;9046321;U47;1930;1930;1930;1930;3;8;0;3;0;5;0;BETA;1930;2100;x
“ª”]‹‰#322;9046322;U47;1930;1930;1930;1930;3;8;0;3;0;5;0;BETA;1930;2100;x
“ª”]‹‰#323;9046323;U47;1930;1930;1930;1930;3;8;0;3;0;5;0;BETA;1930;2100;x
“ª”]‹‰#324;9046324;U47;1930;1930;1930;1930;3;8;0;3;0;5;0;BETA;1930;2100;x
“ª”]‹‰#325;9046325;U47;1930;1930;1930;1930;3;8;0;3;0;5;0;BETA;1930;2100;x
“ª”]‹‰#326;9046326;U47;1930;1930;1930;1930;3;8;0;3;0;5;0;BETA;1930;2100;x
“ª”]‹‰#327;9046327;U47;1930;1930;1930;1930;3;8;0;3;0;5;0;BETA;1930;2100;x
“ª”]‹‰#328;9046328;U47;1930;1930;1930;1930;3;8;0;3;0;5;0;BETA;1930;2100;x
“ª”]‹‰#329;9046329;U47;1930;1930;1930;1930;3;8;0;3;0;5;0;BETA;1930;2100;x
“ª”]‹‰#330;9046330;U47;1930;1930;1930;1930;3;8;0;3;0;5;0;BETA;1930;2100;x
“ª”]‹‰#331;9046331;U47;1930;1930;1930;1930;3;8;0;3;0;5;0;BETA;1930;2100;x
“ª”]‹‰#332;9046332;U47;1930;1930;1930;1930;3;8;0;3;0;5;0;BETA;1930;2100;x
“ª”]‹‰#333;9046333;U47;1930;1930;1930;1930;3;8;0;3;0;5;0;BETA;1930;2100;x
“ª”]‹‰#334;9046334;U47;1930;1930;1930;1930;3;8;0;3;0;5;0;BETA;1930;2100;x
“ª”]‹‰#335;9046335;U47;1930;1930;1930;1930;3;8;0;3;0;5;0;BETA;1930;2100;x
“ª”]‹‰#336;9046336;U47;1930;1930;1930;1930;3;8;0;3;0;5;0;BETA;1930;2100;x
“ª”]‹‰#337;9046337;U47;1930;1930;1930;1930;3;8;0;3;0;5;0;BETA;1930;2100;x
“ª”]‹‰#338;9046338;U47;1930;1930;1930;1930;3;8;0;3;0;5;0;BETA;1930;2100;x
“ª”]‹‰#339;9046339;U47;1930;1930;1930;1930;3;8;0;3;0;5;0;BETA;1930;2100;x
“ª”]‹‰#340;9046340;U47;1930;1930;1930;1930;3;8;0;3;0;5;0;BETA;1930;2100;x
“ª”]‹‰#341;9046341;U47;1930;1930;1930;1930;3;8;0;3;0;5;0;BETA;1930;2100;x
“ª”]‹‰#342;9046342;U47;1930;1930;1930;1930;3;8;0;3;0;5;0;BETA;1930;2100;x
“ª”]‹‰#343;9046343;U47;1930;1930;1930;1930;3;8;0;3;0;5;0;BETA;1930;2100;x
“ª”]‹‰#344;9046344;U47;1930;1930;1930;1930;3;8;0;3;0;5;0;BETA;1930;2100;x
“ª”]‹‰#345;9046345;U47;1930;1930;1930;1930;3;8;0;3;0;5;0;BETA;1930;2100;x
“ª”]‹‰#346;9046346;U47;1930;1930;1930;1930;3;8;0;3;0;5;0;BETA;1930;2100;x
“ª”]‹‰#347;9046347;U47;1930;1930;1930;1930;3;8;0;3;0;5;0;BETA;1930;2100;x
“ª”]‹‰#348;9046348;U47;1930;1930;1930;1930;3;8;0;3;0;5;0;BETA;1930;2100;x
“ª”]‹‰#349;9046349;U47;1930;1930;1930;1930;3;8;0;3;0;5;0;BETA;1930;2100;x
“ª”]‹‰#350;9046350;U47;1930;1930;1930;1930;3;8;0;3;0;5;0;BETA;1930;2100;x
“ª”]‹‰#351;9046351;U47;1930;1930;1930;1930;3;8;0;3;0;5;0;BETA;1930;2100;x
“ª”]‹‰#352;9046352;U47;1930;1930;1930;1930;3;8;0;3;0;5;0;BETA;1930;2100;x
“ª”]‹‰#353;9046353;U47;1930;1930;1930;1930;3;8;0;3;0;5;0;BETA;1930;2100;x
“ª”]‹‰#354;9046354;U47;1930;1930;1930;1930;3;8;0;3;0;5;0;BETA;1930;2100;x
“ª”]‹‰#355;9046355;U47;1930;1930;1930;1930;3;8;0;3;0;5;0;BETA;1930;2100;x
“ª”]‹‰#356;9046356;U47;1930;1930;1930;1930;3;8;0;3;0;5;0;BETA;1930;2100;x
“ª”]‹‰#357;9046357;U47;1930;1930;1930;1930;3;8;0;3;0;5;0;BETA;1930;2100;x
“ª”]‹‰#358;9046358;U47;1930;1930;1930;1930;3;8;0;3;0;5;0;BETA;1930;2100;x
“ª”]‹‰#359;9046359;U47;1930;1930;1930;1930;3;8;0;3;0;5;0;BETA;1930;2100;x
“ª”]‹‰#360;9046360;U47;1930;1930;1930;1930;3;8;0;3;0;5;0;BETA;1930;2100;x
“ª”]‹‰#361;9046361;U47;1930;1930;1930;1930;3;8;0;3;0;5;0;BETA;1930;2100;x
“ª”]‹‰#362;9046362;U47;1930;1930;1930;1930;3;8;0;3;0;5;0;BETA;1930;2100;x
“ª”]‹‰#363;9046363;U47;1930;1930;1930;1930;3;8;0;3;0;5;0;BETA;1930;2100;x
“ª”]‹‰#364;9046364;U47;1930;1930;1930;1930;3;8;0;3;0;5;0;BETA;1930;2100;x
“ª”]‹‰#365;9046365;U47;1930;1930;1930;1930;3;8;0;3;0;5;0;BETA;1930;2100;x
“ª”]‹‰#366;9046366;U47;1930;1930;1930;1930;3;8;0;3;0;5;0;BETA;1930;2100;x
“ª”]‹‰#367;9046367;U47;1930;1930;1930;1930;3;8;0;3;0;5;0;BETA;1930;2100;x
“ª”]‹‰#368;9046368;U47;1930;1930;1930;1930;3;8;0;3;0;5;0;BETA;1930;2100;x
“ª”]‹‰#369;9046369;U47;1930;1930;1930;1930;3;8;0;3;0;5;0;BETA;1930;2100;x
“ª”]‹‰#370;9046370;U47;1930;1930;1930;1930;3;8;0;3;0;5;0;BETA;1930;2100;x
“ª”]‹‰#371;9046371;U47;1930;1930;1930;1930;3;8;0;3;0;5;0;BETA;1930;2100;x
“ª”]‹‰#372;9046372;U47;1930;1930;1930;1930;3;8;0;3;0;5;0;BETA;1930;2100;x
“ª”]‹‰#373;9046373;U47;1930;1930;1930;1930;3;8;0;3;0;5;0;BETA;1930;2100;x
“ª”]‹‰#374;9046374;U47;1930;1930;1930;1930;3;8;0;3;0;5;0;BETA;1930;2100;x
“ª”]‹‰#375;9046375;U47;1930;1930;1930;1930;3;8;0;3;0;5;0;BETA;1930;2100;x
“ª”]‹‰#376;9046376;U47;1930;1930;1930;1930;3;8;0;3;0;5;0;BETA;1930;2100;x
“ª”]‹‰#377;9046377;U47;1930;1930;1930;1930;3;8;0;3;0;5;0;BETA;1930;2100;x
“ª”]‹‰#378;9046378;U47;1930;1930;1930;1930;3;8;0;3;0;5;0;BETA;1930;2100;x
“ª”]‹‰#379;9046379;U47;1930;1930;1930;1930;3;8;0;3;0;5;0;BETA;1930;2100;x
“ª”]‹‰#380;9046380;U47;1930;1930;1930;1930;3;8;0;3;0;5;0;BETA;1930;2100;x
“ª”]‹‰#381;9046381;U47;1930;1930;1930;1930;3;8;0;3;0;5;0;BETA;1930;2100;x
“ª”]‹‰#382;9046382;U47;1930;1930;1930;1930;3;8;0;3;0;5;0;BETA;1930;2100;x
“ª”]‹‰#383;9046383;U47;1930;1930;1930;1930;3;8;0;3;0;5;0;BETA;1930;2100;x
“ª”]‹‰#384;9046384;U47;1930;1930;1930;1930;3;8;0;3;0;5;0;BETA;1930;2100;x
“ª”]‹‰#385;9046385;U47;1930;1930;1930;1930;3;8;0;3;0;5;0;BETA;1930;2100;x
“ª”]‹‰#386;9046386;U47;1930;1930;1930;1930;3;8;0;3;0;5;0;BETA;1930;2100;x
“ª”]‹‰#387;9046387;U47;1930;1930;1930;1930;3;8;0;3;0;5;0;BETA;1930;2100;x
“ª”]‹‰#388;9046388;U47;1930;1930;1930;1930;3;8;0;3;0;5;0;BETA;1930;2100;x
“ª”]‹‰#389;9046389;U47;1930;1930;1930;1930;3;8;0;3;0;5;0;BETA;1930;2100;x
“ª”]‹‰#390;9046390;U47;1930;1930;1930;1930;3;8;0;3;0;5;0;BETA;1930;2100;x
“ª”]‹‰#391;9046391;U47;1930;1930;1930;1930;3;8;0;3;0;5;0;BETA;1930;2100;x
“ª”]‹‰#392;9046392;U47;1930;1930;1930;1930;3;8;0;3;0;5;0;BETA;1930;2100;x
“ª”]‹‰#393;9046393;U47;1930;1930;1930;1930;3;8;0;3;0;5;0;BETA;1930;2100;x
“ª”]‹‰#394;9046394;U47;1930;1930;1930;1930;3;8;0;3;0;5;0;BETA;1930;2100;x
“ª”]‹‰#395;9046395;U47;1930;1930;1930;1930;3;8;0;3;0;5;0;BETA;1930;2100;x
“ª”]‹‰#396;9046396;U47;1930;1930;1930;1930;3;8;0;3;0;5;0;BETA;1930;2100;x
“ª”]‹‰#397;9046397;U47;1930;1930;1930;1930;3;8;0;3;0;5;0;BETA;1930;2100;x
“ª”]‹‰#398;9046398;U47;1930;1930;1930;1930;3;8;0;3;0;5;0;BETA;1930;2100;x
“ª”]‹‰#399;9046399;U47;1930;1930;1930;1930;3;8;0;3;0;5;0;BETA;1930;2100;x
“ª”]‹‰#400;9046400;U47;1930;1930;1930;1930;3;8;0;3;0;5;0;BETA;1930;2100;x
“ª”]‹‰#401;9046401;U47;1930;1930;1930;1930;3;8;0;3;0;5;0;BETA;1930;2100;x
“ª”]‹‰#402;9046402;U47;1930;1930;1930;1930;3;8;0;3;0;5;0;BETA;1930;2100;x
“ª”]‹‰#403;9046403;U47;1930;1930;1930;1930;3;8;0;3;0;5;0;BETA;1930;2100;x
“ª”]‹‰#404;9046404;U47;1930;1930;1930;1930;3;8;0;3;0;5;0;BETA;1930;2100;x
“ª”]‹‰#405;9046405;U47;1930;1930;1930;1930;3;8;0;3;0;5;0;BETA;1930;2100;x
“ª”]‹‰#406;9046406;U47;1930;1930;1930;1930;3;8;0;3;0;5;0;BETA;1930;2100;x
“ª”]‹‰#407;9046407;U47;1930;1930;1930;1930;3;8;0;3;0;5;0;BETA;1930;2100;x
“ª”]‹‰#408;9046408;U47;1930;1930;1930;1930;3;8;0;3;0;5;0;BETA;1930;2100;x
“ª”]‹‰#409;9046409;U47;1930;1930;1930;1930;3;8;0;3;0;5;0;BETA;1930;2100;x
“ª”]‹‰#410;9046410;U47;1930;1930;1930;1930;3;8;0;3;0;5;0;BETA;1930;2100;x
“ª”]‹‰#411;9046411;U47;1930;1930;1930;1930;3;8;0;3;0;5;0;BETA;1930;2100;x
“ª”]‹‰#412;9046412;U47;1930;1930;1930;1930;3;8;0;3;0;5;0;BETA;1930;2100;x
“ª”]‹‰#413;9046413;U47;1930;1930;1930;1930;3;8;0;3;0;5;0;BETA;1930;2100;x
“ª”]‹‰#414;9046414;U47;1930;1930;1930;1930;3;8;0;3;0;5;0;BETA;1930;2100;x
“ª”]‹‰#415;9046415;U47;1930;1930;1930;1930;3;8;0;3;0;5;0;BETA;1930;2100;x
“ª”]‹‰#416;9046416;U47;1930;1930;1930;1930;3;8;0;3;0;5;0;BETA;1930;2100;x
“ª”]‹‰#417;9046417;U47;1930;1930;1930;1930;3;8;0;3;0;5;0;BETA;1930;2100;x
“ª”]‹‰#418;9046418;U47;1930;1930;1930;1930;3;8;0;3;0;5;0;BETA;1930;2100;x
“ª”]‹‰#419;9046419;U47;1930;1930;1930;1930;3;8;0;3;0;5;0;BETA;1930;2100;x
“ª”]‹‰#420;9046420;U47;1930;1930;1930;1930;3;8;0;3;0;5;0;BETA;1930;2100;x
“ª”]‹‰#421;9046421;U47;1930;1930;1930;1930;3;8;0;3;0;5;0;BETA;1930;2100;x
“ª”]‹‰#422;9046422;U47;1930;1930;1930;1930;3;8;0;3;0;5;0;BETA;1930;2100;x
“ª”]‹‰#423;9046423;U47;1930;1930;1930;1930;3;8;0;3;0;5;0;BETA;1930;2100;x
“ª”]‹‰#424;9046424;U47;1930;1930;1930;1930;3;8;0;3;0;5;0;BETA;1930;2100;x
“ª”]‹‰#425;9046425;U47;1930;1930;1930;1930;3;8;0;3;0;5;0;BETA;1930;2100;x
“ª”]‹‰#426;9046426;U47;1930;1930;1930;1930;3;8;0;3;0;5;0;BETA;1930;2100;x
“ª”]‹‰#427;9046427;U47;1930;1930;1930;1930;3;8;0;3;0;5;0;BETA;1930;2100;x
“ª”]‹‰#428;9046428;U47;1930;1930;1930;1930;3;8;0;3;0;5;0;BETA;1930;2100;x
“ª”]‹‰#429;9046429;U47;1930;1930;1930;1930;3;8;0;3;0;5;0;BETA;1930;2100;x
“ª”]‹‰#430;9046430;U47;1930;1930;1930;1930;3;8;0;3;0;5;0;BETA;1930;2100;x
“ª”]‹‰#431;9046431;U47;1930;1930;1930;1930;3;8;0;3;0;5;0;BETA;1930;2100;x
“ª”]‹‰#432;9046432;U47;1930;1930;1930;1930;3;8;0;3;0;5;0;BETA;1930;2100;x
“ª”]‹‰#433;9046433;U47;1930;1930;1930;1930;3;8;0;3;0;5;0;BETA;1930;2100;x
“ª”]‹‰#434;9046434;U47;1930;1930;1930;1930;3;8;0;3;0;5;0;BETA;1930;2100;x
“ª”]‹‰#435;9046435;U47;1930;1930;1930;1930;3;8;0;3;0;5;0;BETA;1930;2100;x
“ª”]‹‰#436;9046436;U47;1930;1930;1930;1930;3;8;0;3;0;5;0;BETA;1930;2100;x
“ª”]‹‰#437;9046437;U47;1930;1930;1930;1930;3;8;0;3;0;5;0;BETA;1930;2100;x
“ª”]‹‰#438;9046438;U47;1930;1930;1930;1930;3;8;0;3;0;5;0;BETA;1930;2100;x
“ª”]‹‰#439;9046439;U47;1930;1930;1930;1930;3;8;0;3;0;5;0;BETA;1930;2100;x
“ª”]‹‰#440;9046440;U47;1930;1930;1930;1930;3;8;0;3;0;5;0;BETA;1930;2100;x
“ª”]‹‰#441;9046441;U47;1930;1930;1930;1930;3;8;0;3;0;5;0;BETA;1930;2100;x
“ª”]‹‰#442;9046442;U47;1930;1930;1930;1930;3;8;0;3;0;5;0;BETA;1930;2100;x
“ª”]‹‰#443;9046443;U47;1930;1930;1930;1930;3;8;0;3;0;5;0;BETA;1930;2100;x
“ª”]‹‰#444;9046444;U47;1930;1930;1930;1930;3;8;0;3;0;5;0;BETA;1930;2100;x
“ª”]‹‰#445;9046445;U47;1930;1930;1930;1930;3;8;0;3;0;5;0;BETA;1930;2100;x
“ª”]‹‰#446;9046446;U47;1930;1930;1930;1930;3;8;0;3;0;5;0;BETA;1930;2100;x
“ª”]‹‰#447;9046447;U47;1930;1930;1930;1930;3;8;0;3;0;5;0;BETA;1930;2100;x
“ª”]‹‰#448;9046448;U47;1930;1930;1930;1930;3;8;0;3;0;5;0;BETA;1930;2100;x
“ª”]‹‰#449;9046449;U47;1930;1930;1930;1930;3;8;0;3;0;5;0;BETA;1930;2100;x
“ª”]‹‰#450;9046450;U47;1930;1930;1930;1930;3;8;0;3;0;5;0;BETA;1930;2100;x
“ª”]‹‰#451;9046451;U47;1930;1930;1930;1930;3;8;0;3;0;5;0;BETA;1930;2100;x
“ª”]‹‰#452;9046452;U47;1930;1930;1930;1930;3;8;0;3;0;5;0;BETA;1930;2100;x
“ª”]‹‰#453;9046453;U47;1930;1930;1930;1930;3;8;0;3;0;5;0;BETA;1930;2100;x
“ª”]‹‰#454;9046454;U47;1930;1930;1930;1930;3;8;0;3;0;5;0;BETA;1930;2100;x
“ª”]‹‰#455;9046455;U47;1930;1930;1930;1930;3;8;0;3;0;5;0;BETA;1930;2100;x
“ª”]‹‰#456;9046456;U47;1930;1930;1930;1930;3;8;0;3;0;5;0;BETA;1930;2100;x
“ª”]‹‰#457;9046457;U47;1930;1930;1930;1930;3;8;0;3;0;5;0;BETA;1930;2100;x
“ª”]‹‰#458;9046458;U47;1930;1930;1930;1930;3;8;0;3;0;5;0;BETA;1930;2100;x
“ª”]‹‰#459;9046459;U47;1930;1930;1930;1930;3;8;0;3;0;5;0;BETA;1930;2100;x
“ª”]‹‰#460;9046460;U47;1930;1930;1930;1930;3;8;0;3;0;5;0;BETA;1930;2100;x
“ª”]‹‰#461;9046461;U47;1930;1930;1930;1930;3;8;0;3;0;5;0;BETA;1930;2100;x
“ª”]‹‰#462;9046462;U47;1930;1930;1930;1930;3;8;0;3;0;5;0;BETA;1930;2100;x
“ª”]‹‰#463;9046463;U47;1930;1930;1930;1930;3;8;0;3;0;5;0;BETA;1930;2100;x
“ª”]‹‰#464;9046464;U47;1930;1930;1930;1930;3;8;0;3;0;5;0;BETA;1930;2100;x
“ª”]‹‰#465;9046465;U47;1930;1930;1930;1930;3;8;0;3;0;5;0;BETA;1930;2100;x
“ª”]‹‰#466;9046466;U47;1930;1930;1930;1930;3;8;0;3;0;5;0;BETA;1930;2100;x
“ª”]‹‰#467;9046467;U47;1930;1930;1930;1930;3;8;0;3;0;5;0;BETA;1930;2100;x
“ª”]‹‰#468;9046468;U47;1930;1930;1930;1930;3;8;0;3;0;5;0;BETA;1930;2100;x
“ª”]‹‰#469;9046469;U47;1930;1930;1930;1930;3;8;0;3;0;5;0;BETA;1930;2100;x
“ª”]‹‰#470;9046470;U47;1930;1930;1930;1930;3;8;0;3;0;5;0;BETA;1930;2100;x
“ª”]‹‰#471;9046471;U47;1930;1930;1930;1930;3;8;0;3;0;5;0;BETA;1930;2100;x
“ª”]‹‰#472;9046472;U47;1930;1930;1930;1930;3;8;0;3;0;5;0;BETA;1930;2100;x
“ª”]‹‰#473;9046473;U47;1930;1930;1930;1930;3;8;0;3;0;5;0;BETA;1930;2100;x
“ª”]‹‰#474;9046474;U47;1930;1930;1930;1930;3;8;0;3;0;5;0;BETA;1930;2100;x
“ª”]‹‰#475;9046475;U47;1930;1930;1930;1930;3;8;0;3;0;5;0;BETA;1930;2100;x
“ª”]‹‰#476;9046476;U47;1930;1930;1930;1930;3;8;0;3;0;5;0;BETA;1930;2100;x
“ª”]‹‰#477;9046477;U47;1930;1930;1930;1930;3;8;0;3;0;5;0;BETA;1930;2100;x
“ª”]‹‰#478;9046478;U47;1930;1930;1930;1930;3;8;0;3;0;5;0;BETA;1930;2100;x
“ª”]‹‰#479;9046479;U47;1930;1930;1930;1930;3;8;0;3;0;5;0;BETA;1930;2100;x
“ª”]‹‰#480;9046480;U47;1930;1930;1930;1930;3;8;0;3;0;5;0;BETA;1930;2100;x
“ª”]‹‰#481;9046481;U47;1930;1930;1930;1930;3;8;0;3;0;5;0;BETA;1930;2100;x
“ª”]‹‰#482;9046482;U47;1930;1930;1930;1930;3;8;0;3;0;5;0;BETA;1930;2100;x
“ª”]‹‰#483;9046483;U47;1930;1930;1930;1930;3;8;0;3;0;5;0;BETA;1930;2100;x
“ª”]‹‰#484;9046484;U47;1930;1930;1930;1930;3;8;0;3;0;5;0;BETA;1930;2100;x
“ª”]‹‰#485;9046485;U47;1930;1930;1930;1930;3;8;0;3;0;5;0;BETA;1930;2100;x
“ª”]‹‰#486;9046486;U47;1930;1930;1930;1930;3;8;0;3;0;5;0;BETA;1930;2100;x
“ª”]‹‰#487;9046487;U47;1930;1930;1930;1930;3;8;0;3;0;5;0;BETA;1930;2100;x
“ª”]‹‰#488;9046488;U47;1930;1930;1930;1930;3;8;0;3;0;5;0;BETA;1930;2100;x
“ª”]‹‰#489;9046489;U47;1930;1930;1930;1930;3;8;0;3;0;5;0;BETA;1930;2100;x
“ª”]‹‰#490;9046490;U47;1930;1930;1930;1930;3;8;0;3;0;5;0;BETA;1930;2100;x
“ª”]‹‰#491;9046491;U47;1930;1930;1930;1930;3;8;0;3;0;5;0;BETA;1930;2100;x
“ª”]‹‰#492;9046492;U47;1930;1930;1930;1930;3;8;0;3;0;5;0;BETA;1930;2100;x
“ª”]‹‰#493;9046493;U47;1930;1930;1930;1930;3;8;0;3;0;5;0;BETA;1930;2100;x
“ª”]‹‰#494;9046494;U47;1930;1930;1930;1930;3;8;0;3;0;5;0;BETA;1930;2100;x
“ª”]‹‰#495;9046495;U47;1930;1930;1930;1930;3;8;0;3;0;5;0;BETA;1930;2100;x
“ª”]‹‰#496;9046496;U47;1930;1930;1930;1930;3;8;0;3;0;5;0;BETA;1930;2100;x
“ª”]‹‰#497;9046497;U47;1930;1930;1930;1930;3;8;0;3;0;5;0;BETA;1930;2100;x
“ª”]‹‰#498;9046498;U47;1930;1930;1930;1930;3;8;0;3;0;5;0;BETA;1930;2100;x
“ª”]‹‰#499;9046499;U47;1930;1930;1930;1930;3;8;0;3;0;5;0;BETA;1930;2100;x
“ª”]‹‰#500;9046500;U47;1930;1930;1930;1930;3;8;0;3;0;5;0;BETA;1930;2100;x
“ª”]‹‰#501;9046501;U47;1930;1930;1930;1930;3;8;0;3;0;5;0;BETA;1930;2100;x
“ª”]‹‰#502;9046502;U47;1930;1930;1930;1930;3;8;0;3;0;5;0;BETA;1930;2100;x
“ª”]‹‰#503;9046503;U47;1930;1930;1930;1930;3;8;0;3;0;5;0;BETA;1930;2100;x
“ª”]‹‰#504;9046504;U47;1930;1930;1930;1930;3;8;0;3;0;5;0;BETA;1930;2100;x
“ª”]‹‰#505;9046505;U47;1930;1930;1930;1930;3;8;0;3;0;5;0;BETA;1930;2100;x
“ª”]‹‰#506;9046506;U47;1930;1930;1930;1930;3;8;0;3;0;5;0;BETA;1930;2100;x
“ª”]‹‰#507;9046507;U47;1930;1930;1930;1930;3;8;0;3;0;5;0;BETA;1930;2100;x
“ª”]‹‰#508;9046508;U47;1930;1930;1930;1930;3;8;0;3;0;5;0;BETA;1930;2100;x
“ª”]‹‰#509;9046509;U47;1930;1930;1930;1930;3;8;0;3;0;5;0;BETA;1930;2100;x
“ª”]‹‰#510;9046510;U47;1930;1930;1930;1930;3;8;0;3;0;5;0;BETA;1930;2100;x
“ª”]‹‰#511;9046511;U47;1930;1930;1930;1930;3;8;0;3;0;5;0;BETA;1930;2100;x
“ª”]‹‰#512;9046512;U47;1930;1930;1930;1930;3;8;0;3;0;5;0;BETA;1930;2100;x
“ª”]‹‰#513;9046513;U47;1930;1930;1930;1930;3;8;0;3;0;5;0;BETA;1930;2100;x
“ª”]‹‰#514;9046514;U47;1930;1930;1930;1930;3;8;0;3;0;5;0;BETA;1930;2100;x
“ª”]‹‰#515;9046515;U47;1930;1930;1930;1930;3;8;0;3;0;5;0;BETA;1930;2100;x
“ª”]‹‰#516;9046516;U47;1930;1930;1930;1930;3;8;0;3;0;5;0;BETA;1930;2100;x
“ª”]‹‰#517;9046517;U47;1930;1930;1930;1930;3;8;0;3;0;5;0;BETA;1930;2100;x
“ª”]‹‰#518;9046518;U47;1930;1930;1930;1930;3;8;0;3;0;5;0;BETA;1930;2100;x
“ª”]‹‰#519;9046519;U47;1930;1930;1930;1930;3;8;0;3;0;5;0;BETA;1930;2100;x
“ª”]‹‰#520;9046520;U47;1930;1930;1930;1930;3;8;0;3;0;5;0;BETA;1930;2100;x
“ª”]‹‰#521;9046521;U47;1930;1930;1930;1930;3;8;0;3;0;5;0;BETA;1930;2100;x
“ª”]‹‰#522;9046522;U47;1930;1930;1930;1930;3;8;0;3;0;5;0;BETA;1930;2100;x
“ª”]‹‰#523;9046523;U47;1930;1930;1930;1930;3;8;0;3;0;5;0;BETA;1930;2100;x
“ª”]‹‰#524;9046524;U47;1930;1930;1930;1930;3;8;0;3;0;5;0;BETA;1930;2100;x
“ª”]‹‰#525;9046525;U47;1930;1930;1930;1930;3;8;0;3;0;5;0;BETA;1930;2100;x
“ª”]‹‰#526;9046526;U47;1930;1930;1930;1930;3;8;0;3;0;5;0;BETA;1930;2100;x
“ª”]‹‰#527;9046527;U47;1930;1930;1930;1930;3;8;0;3;0;5;0;BETA;1930;2100;x
“ª”]‹‰#528;9046528;U47;1930;1930;1930;1930;3;8;0;3;0;5;0;BETA;1930;2100;x
“ª”]‹‰#529;9046529;U47;1930;1930;1930;1930;3;8;0;3;0;5;0;BETA;1930;2100;x
“ª”]‹‰#530;9046530;U47;1930;1930;1930;1930;3;8;0;3;0;5;0;BETA;1930;2100;x
“ª”]‹‰#531;9046531;U47;1930;1930;1930;1930;3;8;0;3;0;5;0;BETA;1930;2100;x
“ª”]‹‰#532;9046532;U47;1930;1930;1930;1930;3;8;0;3;0;5;0;BETA;1930;2100;x
“ª”]‹‰#533;9046533;U47;1930;1930;1930;1930;3;8;0;3;0;5;0;BETA;1930;2100;x
“ª”]‹‰#534;9046534;U47;1930;1930;1930;1930;3;8;0;3;0;5;0;BETA;1930;2100;x
“ª”]‹‰#535;9046535;U47;1930;1930;1930;1930;3;8;0;3;0;5;0;BETA;1930;2100;x
“ª”]‹‰#536;9046536;U47;1930;1930;1930;1930;3;8;0;3;0;5;0;BETA;1930;2100;x
“ª”]‹‰#537;9046537;U47;1930;1930;1930;1930;3;8;0;3;0;5;0;BETA;1930;2100;x
“ª”]‹‰#538;9046538;U47;1930;1930;1930;1930;3;8;0;3;0;5;0;BETA;1930;2100;x
“ª”]‹‰#539;9046539;U47;1930;1930;1930;1930;3;8;0;3;0;5;0;BETA;1930;2100;x
“ª”]‹‰#540;9046540;U47;1930;1930;1930;1930;3;8;0;3;0;5;0;BETA;1930;2100;x
“ª”]‹‰#541;9046541;U47;1930;1930;1930;1930;3;8;0;3;0;5;0;BETA;1930;2100;x
“ª”]‹‰#542;9046542;U47;1930;1930;1930;1930;3;8;0;3;0;5;0;BETA;1930;2100;x
“ª”]‹‰#543;9046543;U47;1930;1930;1930;1930;3;8;0;3;0;5;0;BETA;1930;2100;x
“ª”]‹‰#544;9046544;U47;1930;1930;1930;1930;3;8;0;3;0;5;0;BETA;1930;2100;x
“ª”]‹‰#545;9046545;U47;1930;1930;1930;1930;3;8;0;3;0;5;0;BETA;1930;2100;x
“ª”]‹‰#546;9046546;U47;1930;1930;1930;1930;3;8;0;3;0;5;0;BETA;1930;2100;x
“ª”]‹‰#547;9046547;U47;1930;1930;1930;1930;3;8;0;3;0;5;0;BETA;1930;2100;x
“ª”]‹‰#548;9046548;U47;1930;1930;1930;1930;3;8;0;3;0;5;0;BETA;1930;2100;x
“ª”]‹‰#549;9046549;U47;1930;1930;1930;1930;3;8;0;3;0;5;0;BETA;1930;2100;x
“ª”]‹‰#550;9046550;U47;1930;1930;1930;1930;3;8;0;3;0;5;0;BETA;1930;2100;x
“ª”]‹‰#551;9046551;U47;1930;1930;1930;1930;3;8;0;3;0;5;0;BETA;1930;2100;x
“ª”]‹‰#552;9046552;U47;1930;1930;1930;1930;3;8;0;3;0;5;0;BETA;1930;2100;x
“ª”]‹‰#553;9046553;U47;1930;1930;1930;1930;3;8;0;3;0;5;0;BETA;1930;2100;x
“ª”]‹‰#554;9046554;U47;1930;1930;1930;1930;3;8;0;3;0;5;0;BETA;1930;2100;x
“ª”]‹‰#555;9046555;U47;1930;1930;1930;1930;3;8;0;3;0;5;0;BETA;1930;2100;x
“ª”]‹‰#556;9046556;U47;1930;1930;1930;1930;3;8;0;3;0;5;0;BETA;1930;2100;x
“ª”]‹‰#557;9046557;U47;1930;1930;1930;1930;3;8;0;3;0;5;0;BETA;1930;2100;x
“ª”]‹‰#558;9046558;U47;1930;1930;1930;1930;3;8;0;3;0;5;0;BETA;1930;2100;x
“ª”]‹‰#559;9046559;U47;1930;1930;1930;1930;3;8;0;3;0;5;0;BETA;1930;2100;x
“ª”]‹‰#560;9046560;U47;1930;1930;1930;1930;3;8;0;3;0;5;0;BETA;1930;2100;x
“ª”]‹‰#561;9046561;U47;1930;1930;1930;1930;3;8;0;3;0;5;0;BETA;1930;2100;x
“ª”]‹‰#562;9046562;U47;1930;1930;1930;1930;3;8;0;3;0;5;0;BETA;1930;2100;x
“ª”]‹‰#563;9046563;U47;1930;1930;1930;1930;3;8;0;3;0;5;0;BETA;1930;2100;x
“ª”]‹‰#564;9046564;U47;1930;1930;1930;1930;3;8;0;3;0;5;0;BETA;1930;2100;x
“ª”]‹‰#565;9046565;U47;1930;1930;1930;1930;3;8;0;3;0;5;0;BETA;1930;2100;x
“ª”]‹‰#566;9046566;U47;1930;1930;1930;1930;3;8;0;3;0;5;0;BETA;1930;2100;x
“ª”]‹‰#567;9046567;U47;1930;1930;1930;1930;3;8;0;3;0;5;0;BETA;1930;2100;x
“ª”]‹‰#568;9046568;U47;1930;1930;1930;1930;3;8;0;3;0;5;0;BETA;1930;2100;x
“ª”]‹‰#569;9046569;U47;1930;1930;1930;1930;3;8;0;3;0;5;0;BETA;1930;2100;x
“ª”]‹‰#570;9046570;U47;1930;1930;1930;1930;3;8;0;3;0;5;0;BETA;1930;2100;x
“ª”]‹‰#571;9046571;U47;1930;1930;1930;1930;3;8;0;3;0;5;0;BETA;1930;2100;x
“ª”]‹‰#572;9046572;U47;1930;1930;1930;1930;3;8;0;3;0;5;0;BETA;1930;2100;x
“ª”]‹‰#573;9046573;U47;1930;1930;1930;1930;3;8;0;3;0;5;0;BETA;1930;2100;x
“ª”]‹‰#574;9046574;U47;1930;1930;1930;1930;3;8;0;3;0;5;0;BETA;1930;2100;x
“ª”]‹‰#575;9046575;U47;1930;1930;1930;1930;3;8;0;3;0;5;0;BETA;1930;2100;x
“ª”]‹‰#576;9046576;U47;1930;1930;1930;1930;3;8;0;3;0;5;0;BETA;1930;2100;x
“ª”]‹‰#577;9046577;U47;1930;1930;1930;1930;3;8;0;3;0;5;0;BETA;1930;2100;x
“ª”]‹‰#578;9046578;U47;1930;1930;1930;1930;3;8;0;3;0;5;0;BETA;1930;2100;x
“ª”]‹‰#579;9046579;U47;1930;1930;1930;1930;3;8;0;3;0;5;0;BETA;1930;2100;x
“ª”]‹‰#580;9046580;U47;1930;1930;1930;1930;3;8;0;3;0;5;0;BETA;1930;2100;x
“ª”]‹‰#581;9046581;U47;1930;1930;1930;1930;3;8;0;3;0;5;0;BETA;1930;2100;x
“ª”]‹‰#582;9046582;U47;1930;1930;1930;1930;3;8;0;3;0;5;0;BETA;1930;2100;x
“ª”]‹‰#583;9046583;U47;1930;1930;1930;1930;3;8;0;3;0;5;0;BETA;1930;2100;x
“ª”]‹‰#584;9046584;U47;1930;1930;1930;1930;3;8;0;3;0;5;0;BETA;1930;2100;x
“ª”]‹‰#585;9046585;U47;1930;1930;1930;1930;3;8;0;3;0;5;0;BETA;1930;2100;x
“ª”]‹‰#586;9046586;U47;1930;1930;1930;1930;3;8;0;3;0;5;0;BETA;1930;2100;x
“ª”]‹‰#587;9046587;U47;1930;1930;1930;1930;3;8;0;3;0;5;0;BETA;1930;2100;x
“ª”]‹‰#588;9046588;U47;1930;1930;1930;1930;3;8;0;3;0;5;0;BETA;1930;2100;x
“ª”]‹‰#589;9046589;U47;1930;1930;1930;1930;3;8;0;3;0;5;0;BETA;1930;2100;x
“ª”]‹‰#590;9046590;U47;1930;1930;1930;1930;3;8;0;3;0;5;0;BETA;1930;2100;x
“ª”]‹‰#591;9046591;U47;1930;1930;1930;1930;3;8;0;3;0;5;0;BETA;1930;2100;x
“ª”]‹‰#592;9046592;U47;1930;1930;1930;1930;3;8;0;3;0;5;0;BETA;1930;2100;x
“ª”]‹‰#593;9046593;U47;1930;1930;1930;1930;3;8;0;3;0;5;0;BETA;1930;2100;x
“ª”]‹‰#594;9046594;U47;1930;1930;1930;1930;3;8;0;3;0;5;0;BETA;1930;2100;x
“ª”]‹‰#595;9046595;U47;1930;1930;1930;1930;3;8;0;3;0;5;0;BETA;1930;2100;x
“ª”]‹‰#596;9046596;U47;1930;1930;1930;1930;3;8;0;3;0;5;0;BETA;1930;2100;x
“ª”]‹‰#597;9046597;U47;1930;1930;1930;1930;3;8;0;3;0;5;0;BETA;1930;2100;x
“ª”]‹‰#598;9046598;U47;1930;1930;1930;1930;3;8;0;3;0;5;0;BETA;1930;2100;x
“ª”]‹‰#599;9046599;U47;1930;1930;1930;1930;3;8;0;3;0;5;0;BETA;1930;2100;x
“ª”]‹‰#600;9046600;U47;1930;1930;1930;1930;3;8;0;3;0;5;0;BETA;1930;2100;x
“ª”]‹‰#601;9046601;U47;1930;1930;1930;1930;3;8;0;3;0;5;0;BETA;1930;2100;x
“ª”]‹‰#602;9046602;U47;1930;1930;1930;1930;3;8;0;3;0;5;0;BETA;1930;2100;x
“ª”]‹‰#603;9046603;U47;1930;1930;1930;1930;3;8;0;3;0;5;0;BETA;1930;2100;x
“ª”]‹‰#604;9046604;U47;1930;1930;1930;1930;3;8;0;3;0;5;0;BETA;1930;2100;x
“ª”]‹‰#605;9046605;U47;1930;1930;1930;1930;3;8;0;3;0;5;0;BETA;1930;2100;x
“ª”]‹‰#606;9046606;U47;1930;1930;1930;1930;3;8;0;3;0;5;0;BETA;1930;2100;x
“ª”]‹‰#607;9046607;U47;1930;1930;1930;1930;3;8;0;3;0;5;0;BETA;1930;2100;x
“ª”]‹‰#608;9046608;U47;1930;1930;1930;1930;3;8;0;3;0;5;0;BETA;1930;2100;x
“ª”]‹‰#609;9046609;U47;1930;1930;1930;1930;3;8;0;3;0;5;0;BETA;1930;2100;x
“ª”]‹‰#610;9046610;U47;1930;1930;1930;1930;3;8;0;3;0;5;0;BETA;1930;2100;x
“ª”]‹‰#611;9046611;U47;1930;1930;1930;1930;3;8;0;3;0;5;0;BETA;1930;2100;x
“ª”]‹‰#612;9046612;U47;1930;1930;1930;1930;3;8;0;3;0;5;0;BETA;1930;2100;x
“ª”]‹‰#613;9046613;U47;1930;1930;1930;1930;3;8;0;3;0;5;0;BETA;1930;2100;x
“ª”]‹‰#614;9046614;U47;1930;1930;1930;1930;3;8;0;3;0;5;0;BETA;1930;2100;x
“ª”]‹‰#615;9046615;U47;1930;1930;1930;1930;3;8;0;3;0;5;0;BETA;1930;2100;x
“ª”]‹‰#616;9046616;U47;1930;1930;1930;1930;3;8;0;3;0;5;0;BETA;1930;2100;x
“ª”]‹‰#617;9046617;U47;1930;1930;1930;1930;3;8;0;3;0;5;0;BETA;1930;2100;x
“ª”]‹‰#618;9046618;U47;1930;1930;1930;1930;3;8;0;3;0;5;0;BETA;1930;2100;x
“ª”]‹‰#619;9046619;U47;1930;1930;1930;1930;3;8;0;3;0;5;0;BETA;1930;2100;x
“ª”]‹‰#620;9046620;U47;1930;1930;1930;1930;3;8;0;3;0;5;0;BETA;1930;2100;x
“ª”]‹‰#621;9046621;U47;1930;1930;1930;1930;3;8;0;3;0;5;0;BETA;1930;2100;x
“ª”]‹‰#622;9046622;U47;1930;1930;1930;1930;3;8;0;3;0;5;0;BETA;1930;2100;x
“ª”]‹‰#623;9046623;U47;1930;1930;1930;1930;3;8;0;3;0;5;0;BETA;1930;2100;x
“ª”]‹‰#624;9046624;U47;1930;1930;1930;1930;3;8;0;3;0;5;0;BETA;1930;2100;x
“ª”]‹‰#625;9046625;U47;1930;1930;1930;1930;3;8;0;3;0;5;0;BETA;1930;2100;x
“ª”]‹‰#626;9046626;U47;1930;1930;1930;1930;3;8;0;3;0;5;0;BETA;1930;2100;x
“ª”]‹‰#627;9046627;U47;1930;1930;1930;1930;3;8;0;3;0;5;0;BETA;1930;2100;x
“ª”]‹‰#628;9046628;U47;1930;1930;1930;1930;3;8;0;3;0;5;0;BETA;1930;2100;x
“ª”]‹‰#629;9046629;U47;1930;1930;1930;1930;3;8;0;3;0;5;0;BETA;1930;2100;x
“ª”]‹‰#630;9046630;U47;1930;1930;1930;1930;3;8;0;3;0;5;0;BETA;1930;2100;x
“ª”]‹‰#631;9046631;U47;1930;1930;1930;1930;3;8;0;3;0;5;0;BETA;1930;2100;x
“ª”]‹‰#632;9046632;U47;1930;1930;1930;1930;3;8;0;3;0;5;0;BETA;1930;2100;x
“ª”]‹‰#633;9046633;U47;1930;1930;1930;1930;3;8;0;3;0;5;0;BETA;1930;2100;x
“ª”]‹‰#634;9046634;U47;1930;1930;1930;1930;3;8;0;3;0;5;0;BETA;1930;2100;x
“ª”]‹‰#635;9046635;U47;1930;1930;1930;1930;3;8;0;3;0;5;0;BETA;1930;2100;x
“ª”]‹‰#636;9046636;U47;1930;1930;1930;1930;3;8;0;3;0;5;0;BETA;1930;2100;x
“ª”]‹‰#637;9046637;U47;1930;1930;1930;1930;3;8;0;3;0;5;0;BETA;1930;2100;x
“ª”]‹‰#638;9046638;U47;1930;1930;1930;1930;3;8;0;3;0;5;0;BETA;1930;2100;x
“ª”]‹‰#639;9046639;U47;1930;1930;1930;1930;3;8;0;3;0;5;0;BETA;1930;2100;x
“ª”]‹‰#640;9046640;U47;1930;1930;1930;1930;3;8;0;3;0;5;0;BETA;1930;2100;x
“ª”]‹‰#641;9046641;U47;1930;1930;1930;1930;3;8;0;3;0;5;0;BETA;1930;2100;x
“ª”]‹‰#642;9046642;U47;1930;1930;1930;1930;3;8;0;3;0;5;0;BETA;1930;2100;x
“ª”]‹‰#643;9046643;U47;1930;1930;1930;1930;3;8;0;3;0;5;0;BETA;1930;2100;x
“ª”]‹‰#644;9046644;U47;1930;1930;1930;1930;3;8;0;3;0;5;0;BETA;1930;2100;x
“ª”]‹‰#645;9046645;U47;1930;1930;1930;1930;3;8;0;3;0;5;0;BETA;1930;2100;x
“ª”]‹‰#646;9046646;U47;1930;1930;1930;1930;3;8;0;3;0;5;0;BETA;1930;2100;x
“ª”]‹‰#647;9046647;U47;1930;1930;1930;1930;3;8;0;3;0;5;0;BETA;1930;2100;x
“ª”]‹‰#648;9046648;U47;1930;1930;1930;1930;3;8;0;3;0;5;0;BETA;1930;2100;x
“ª”]‹‰#649;9046649;U47;1930;1930;1930;1930;3;8;0;3;0;5;0;BETA;1930;2100;x
“ª”]‹‰#650;9046650;U47;1930;1930;1930;1930;3;8;0;3;0;5;0;BETA;1930;2100;x
“ª”]‹‰#651;9046651;U47;1930;1930;1930;1930;3;8;0;3;0;5;0;BETA;1930;2100;x
“ª”]‹‰#652;9046652;U47;1930;1930;1930;1930;3;8;0;3;0;5;0;BETA;1930;2100;x
“ª”]‹‰#653;9046653;U47;1930;1930;1930;1930;3;8;0;3;0;5;0;BETA;1930;2100;x
“ª”]‹‰#654;9046654;U47;1930;1930;1930;1930;3;8;0;3;0;5;0;BETA;1930;2100;x
“ª”]‹‰#655;9046655;U47;1930;1930;1930;1930;3;8;0;3;0;5;0;BETA;1930;2100;x
“ª”]‹‰#656;9046656;U47;1930;1930;1930;1930;3;8;0;3;0;5;0;BETA;1930;2100;x
“ª”]‹‰#657;9046657;U47;1930;1930;1930;1930;3;8;0;3;0;5;0;BETA;1930;2100;x
“ª”]‹‰#658;9046658;U47;1930;1930;1930;1930;3;8;0;3;0;5;0;BETA;1930;2100;x
“ª”]‹‰#659;9046659;U47;1930;1930;1930;1930;3;8;0;3;0;5;0;BETA;1930;2100;x
“ª”]‹‰#660;9046660;U47;1930;1930;1930;1930;3;8;0;3;0;5;0;BETA;1930;2100;x
“ª”]‹‰#661;9046661;U47;1930;1930;1930;1930;3;8;0;3;0;5;0;BETA;1930;2100;x
“ª”]‹‰#662;9046662;U47;1930;1930;1930;1930;3;8;0;3;0;5;0;BETA;1930;2100;x
“ª”]‹‰#663;9046663;U47;1930;1930;1930;1930;3;8;0;3;0;5;0;BETA;1930;2100;x
“ª”]‹‰#664;9046664;U47;1930;1930;1930;1930;3;8;0;3;0;5;0;BETA;1930;2100;x
“ª”]‹‰#665;9046665;U47;1930;1930;1930;1930;3;8;0;3;0;5;0;BETA;1930;2100;x
“ª”]‹‰#666;9046666;U47;1930;1930;1930;1930;3;8;0;3;0;5;0;BETA;1930;2100;x
“ª”]‹‰#667;9046667;U47;1930;1930;1930;1930;3;8;0;3;0;5;0;BETA;1930;2100;x
“ª”]‹‰#668;9046668;U47;1930;1930;1930;1930;3;8;0;3;0;5;0;BETA;1930;2100;x
“ª”]‹‰#669;9046669;U47;1930;1930;1930;1930;3;8;0;3;0;5;0;BETA;1930;2100;x
“ª”]‹‰#670;9046670;U47;1930;1930;1930;1930;3;8;0;3;0;5;0;BETA;1930;2100;x
“ª”]‹‰#671;9046671;U47;1930;1930;1930;1930;3;8;0;3;0;5;0;BETA;1930;2100;x
“ª”]‹‰#672;9046672;U47;1930;1930;1930;1930;3;8;0;3;0;5;0;BETA;1930;2100;x
“ª”]‹‰#673;9046673;U47;1930;1930;1930;1930;3;8;0;3;0;5;0;BETA;1930;2100;x
“ª”]‹‰#674;9046674;U47;1930;1930;1930;1930;3;8;0;3;0;5;0;BETA;1930;2100;x
“ª”]‹‰#675;9046675;U47;1930;1930;1930;1930;3;8;0;3;0;5;0;BETA;1930;2100;x
“ª”]‹‰#676;9046676;U47;1930;1930;1930;1930;3;8;0;3;0;5;0;BETA;1930;2100;x
“ª”]‹‰#677;9046677;U47;1930;1930;1930;1930;3;8;0;3;0;5;0;BETA;1930;2100;x
“ª”]‹‰#678;9046678;U47;1930;1930;1930;1930;3;8;0;3;0;5;0;BETA;1930;2100;x
“ª”]‹‰#679;9046679;U47;1930;1930;1930;1930;3;8;0;3;0;5;0;BETA;1930;2100;x
“ª”]‹‰#680;9046680;U47;1930;1930;1930;1930;3;8;0;3;0;5;0;BETA;1930;2100;x
“ª”]‹‰#681;9046681;U47;1930;1930;1930;1930;3;8;0;3;0;5;0;BETA;1930;2100;x
“ª”]‹‰#682;9046682;U47;1930;1930;1930;1930;3;8;0;3;0;5;0;BETA;1930;2100;x
“ª”]‹‰#683;9046683;U47;1930;1930;1930;1930;3;8;0;3;0;5;0;BETA;1930;2100;x
“ª”]‹‰#684;9046684;U47;1930;1930;1930;1930;3;8;0;3;0;5;0;BETA;1930;2100;x
“ª”]‹‰#685;9046685;U47;1930;1930;1930;1930;3;8;0;3;0;5;0;BETA;1930;2100;x
“ª”]‹‰#686;9046686;U47;1930;1930;1930;1930;3;8;0;3;0;5;0;BETA;1930;2100;x
“ª”]‹‰#687;9046687;U47;1930;1930;1930;1930;3;8;0;3;0;5;0;BETA;1930;2100;x
“ª”]‹‰#688;9046688;U47;1930;1930;1930;1930;3;8;0;3;0;5;0;BETA;1930;2100;x
“ª”]‹‰#689;9046689;U47;1930;1930;1930;1930;3;8;0;3;0;5;0;BETA;1930;2100;x
“ª”]‹‰#690;9046690;U47;1930;1930;1930;1930;3;8;0;3;0;5;0;BETA;1930;2100;x
“ª”]‹‰#691;9046691;U47;1930;1930;1930;1930;3;8;0;3;0;5;0;BETA;1930;2100;x
“ª”]‹‰#692;9046692;U47;1930;1930;1930;1930;3;8;0;3;0;5;0;BETA;1930;2100;x
“ª”]‹‰#693;9046693;U47;1930;1930;1930;1930;3;8;0;3;0;5;0;BETA;1930;2100;x
“ª”]‹‰#694;9046694;U47;1930;1930;1930;1930;3;8;0;3;0;5;0;BETA;1930;2100;x
“ª”]‹‰#695;9046695;U47;1930;1930;1930;1930;3;8;0;3;0;5;0;BETA;1930;2100;x
“ª”]‹‰#696;9046696;U47;1930;1930;1930;1930;3;8;0;3;0;5;0;BETA;1930;2100;x
“ª”]‹‰#697;9046697;U47;1930;1930;1930;1930;3;8;0;3;0;5;0;BETA;1930;2100;x
“ª”]‹‰#698;9046698;U47;1930;1930;1930;1930;3;8;0;3;0;5;0;BETA;1930;2100;x
“ª”]‹‰#699;9046699;U47;1930;1930;1930;1930;3;8;0;3;0;5;0;BETA;1930;2100;x
“ª”]‹‰#700;9046700;U47;1930;1930;1930;1930;3;8;0;3;0;5;0;BETA;1930;2100;x
“ª”]‹‰#701;9046701;U47;1930;1930;1930;1930;3;8;0;3;0;5;0;BETA;1930;2100;x
“ª”]‹‰#702;9046702;U47;1930;1930;1930;1930;3;8;0;3;0;5;0;BETA;1930;2100;x
“ª”]‹‰#703;9046703;U47;1930;1930;1930;1930;3;8;0;3;0;5;0;BETA;1930;2100;x
“ª”]‹‰#704;9046704;U47;1930;1930;1930;1930;3;8;0;3;0;5;0;BETA;1930;2100;x
“ª”]‹‰#705;9046705;U47;1930;1930;1930;1930;3;8;0;3;0;5;0;BETA;1930;2100;x
“ª”]‹‰#706;9046706;U47;1930;1930;1930;1930;3;8;0;3;0;5;0;BETA;1930;2100;x
“ª”]‹‰#707;9046707;U47;1930;1930;1930;1930;3;8;0;3;0;5;0;BETA;1930;2100;x
“ª”]‹‰#708;9046708;U47;1930;1930;1930;1930;3;8;0;3;0;5;0;BETA;1930;2100;x
“ª”]‹‰#709;9046709;U47;1930;1930;1930;1930;3;8;0;3;0;5;0;BETA;1930;2100;x
“ª”]‹‰#710;9046710;U47;1930;1930;1930;1930;3;8;0;3;0;5;0;BETA;1930;2100;x
“ª”]‹‰#711;9046711;U47;1930;1930;1930;1930;3;8;0;3;0;5;0;BETA;1930;2100;x
“ª”]‹‰#712;9046712;U47;1930;1930;1930;1930;3;8;0;3;0;5;0;BETA;1930;2100;x
“ª”]‹‰#713;9046713;U47;1930;1930;1930;1930;3;8;0;3;0;5;0;BETA;1930;2100;x
“ª”]‹‰#714;9046714;U47;1930;1930;1930;1930;3;8;0;3;0;5;0;BETA;1930;2100;x
“ª”]‹‰#715;9046715;U47;1930;1930;1930;1930;3;8;0;3;0;5;0;BETA;1930;2100;x
“ª”]‹‰#716;9046716;U47;1930;1930;1930;1930;3;8;0;3;0;5;0;BETA;1930;2100;x
“ª”]‹‰#717;9046717;U47;1930;1930;1930;1930;3;8;0;3;0;5;0;BETA;1930;2100;x
“ª”]‹‰#718;9046718;U47;1930;1930;1930;1930;3;8;0;3;0;5;0;BETA;1930;2100;x
“ª”]‹‰#719;9046719;U47;1930;1930;1930;1930;3;8;0;3;0;5;0;BETA;1930;2100;x
“ª”]‹‰#720;9046720;U47;1930;1930;1930;1930;3;8;0;3;0;5;0;BETA;1930;2100;x
“ª”]‹‰#721;9046721;U47;1930;1930;1930;1930;3;8;0;3;0;5;0;BETA;1930;2100;x
“ª”]‹‰#722;9046722;U47;1930;1930;1930;1930;3;8;0;3;0;5;0;BETA;1930;2100;x
“ª”]‹‰#723;9046723;U47;1930;1930;1930;1930;3;8;0;3;0;5;0;BETA;1930;2100;x
“ª”]‹‰#724;9046724;U47;1930;1930;1930;1930;3;8;0;3;0;5;0;BETA;1930;2100;x
“ª”]‹‰#725;9046725;U47;1930;1930;1930;1930;3;8;0;3;0;5;0;BETA;1930;2100;x
“ª”]‹‰#726;9046726;U47;1930;1930;1930;1930;3;8;0;3;0;5;0;BETA;1930;2100;x
“ª”]‹‰#727;9046727;U47;1930;1930;1930;1930;3;8;0;3;0;5;0;BETA;1930;2100;x
“ª”]‹‰#728;9046728;U47;1930;1930;1930;1930;3;8;0;3;0;5;0;BETA;1930;2100;x
“ª”]‹‰#729;9046729;U47;1930;1930;1930;1930;3;8;0;3;0;5;0;BETA;1930;2100;x
“ª”]‹‰#730;9046730;U47;1930;1930;1930;1930;3;8;0;3;0;5;0;BETA;1930;2100;x
“ª”]‹‰#731;9046731;U47;1930;1930;1930;1930;3;8;0;3;0;5;0;BETA;1930;2100;x
“ª”]‹‰#732;9046732;U47;1930;1930;1930;1930;3;8;0;3;0;5;0;BETA;1930;2100;x
“ª”]‹‰#733;9046733;U47;1930;1930;1930;1930;3;8;0;3;0;5;0;BETA;1930;2100;x
“ª”]‹‰#734;9046734;U47;1930;1930;1930;1930;3;8;0;3;0;5;0;BETA;1930;2100;x
“ª”]‹‰#735;9046735;U47;1930;1930;1930;1930;3;8;0;3;0;5;0;BETA;1930;2100;x
“ª”]‹‰#736;9046736;U47;1930;1930;1930;1930;3;8;0;3;0;5;0;BETA;1930;2100;x
“ª”]‹‰#737;9046737;U47;1930;1930;1930;1930;3;8;0;3;0;5;0;BETA;1930;2100;x
“ª”]‹‰#738;9046738;U47;1930;1930;1930;1930;3;8;0;3;0;5;0;BETA;1930;2100;x
“ª”]‹‰#739;9046739;U47;1930;1930;1930;1930;3;8;0;3;0;5;0;BETA;1930;2100;x
“ª”]‹‰#740;9046740;U47;1930;1930;1930;1930;3;8;0;3;0;5;0;BETA;1930;2100;x
“ª”]‹‰#741;9046741;U47;1930;1930;1930;1930;3;8;0;3;0;5;0;BETA;1930;2100;x
“ª”]‹‰#742;9046742;U47;1930;1930;1930;1930;3;8;0;3;0;5;0;BETA;1930;2100;x
“ª”]‹‰#743;9046743;U47;1930;1930;1930;1930;3;8;0;3;0;5;0;BETA;1930;2100;x
“ª”]‹‰#744;9046744;U47;1930;1930;1930;1930;3;8;0;3;0;5;0;BETA;1930;2100;x
“ª”]‹‰#745;9046745;U47;1930;1930;1930;1930;3;8;0;3;0;5;0;BETA;1930;2100;x
“ª”]‹‰#746;9046746;U47;1930;1930;1930;1930;3;8;0;3;0;5;0;BETA;1930;2100;x
“ª”]‹‰#747;9046747;U47;1930;1930;1930;1930;3;8;0;3;0;5;0;BETA;1930;2100;x
“ª”]‹‰#748;9046748;U47;1930;1930;1930;1930;3;8;0;3;0;5;0;BETA;1930;2100;x
“ª”]‹‰#749;9046749;U47;1930;1930;1930;1930;3;8;0;3;0;5;0;BETA;1930;2100;x
“ª”]‹‰#750;9046750;U47;1930;1930;1930;1930;3;8;0;3;0;5;0;BETA;1930;2100;x
“ª”]‹‰#751;9046751;U47;1930;1930;1930;1930;3;8;0;3;0;5;0;BETA;1930;2100;x
“ª”]‹‰#752;9046752;U47;1930;1930;1930;1930;3;8;0;3;0;5;0;BETA;1930;2100;x
“ª”]‹‰#753;9046753;U47;1930;1930;1930;1930;3;8;0;3;0;5;0;BETA;1930;2100;x
“ª”]‹‰#754;9046754;U47;1930;1930;1930;1930;3;8;0;3;0;5;0;BETA;1930;2100;x
“ª”]‹‰#755;9046755;U47;1930;1930;1930;1930;3;8;0;3;0;5;0;BETA;1930;2100;x
“ª”]‹‰#756;9046756;U47;1930;1930;1930;1930;3;8;0;3;0;5;0;BETA;1930;2100;x
“ª”]‹‰#757;9046757;U47;1930;1930;1930;1930;3;8;0;3;0;5;0;BETA;1930;2100;x
“ª”]‹‰#758;9046758;U47;1930;1930;1930;1930;3;8;0;3;0;5;0;BETA;1930;2100;x
“ª”]‹‰#759;9046759;U47;1930;1930;1930;1930;3;8;0;3;0;5;0;BETA;1930;2100;x
“ª”]‹‰#760;9046760;U47;1930;1930;1930;1930;3;8;0;3;0;5;0;BETA;1930;2100;x
“ª”]‹‰#761;9046761;U47;1930;1930;1930;1930;3;8;0;3;0;5;0;BETA;1930;2100;x
“ª”]‹‰#762;9046762;U47;1930;1930;1930;1930;3;8;0;3;0;5;0;BETA;1930;2100;x
“ª”]‹‰#763;9046763;U47;1930;1930;1930;1930;3;8;0;3;0;5;0;BETA;1930;2100;x
“ª”]‹‰#764;9046764;U47;1930;1930;1930;1930;3;8;0;3;0;5;0;BETA;1930;2100;x
“ª”]‹‰#765;9046765;U47;1930;1930;1930;1930;3;8;0;3;0;5;0;BETA;1930;2100;x
“ª”]‹‰#766;9046766;U47;1930;1930;1930;1930;3;8;0;3;0;5;0;BETA;1930;2100;x
“ª”]‹‰#767;9046767;U47;1930;1930;1930;1930;3;8;0;3;0;5;0;BETA;1930;2100;x
“ª”]‹‰#768;9046768;U47;1930;1930;1930;1930;3;8;0;3;0;5;0;BETA;1930;2100;x
“ª”]‹‰#769;9046769;U47;1930;1930;1930;1930;3;8;0;3;0;5;0;BETA;1930;2100;x
“ª”]‹‰#770;9046770;U47;1930;1930;1930;1930;3;8;0;3;0;5;0;BETA;1930;2100;x
“ª”]‹‰#771;9046771;U47;1930;1930;1930;1930;3;8;0;3;0;5;0;BETA;1930;2100;x
“ª”]‹‰#772;9046772;U47;1930;1930;1930;1930;3;8;0;3;0;5;0;BETA;1930;2100;x
“ª”]‹‰#773;9046773;U47;1930;1930;1930;1930;3;8;0;3;0;5;0;BETA;1930;2100;x
“ª”]‹‰#774;9046774;U47;1930;1930;1930;1930;3;8;0;3;0;5;0;BETA;1930;2100;x
“ª”]‹‰#775;9046775;U47;1930;1930;1930;1930;3;8;0;3;0;5;0;BETA;1930;2100;x
“ª”]‹‰#776;9046776;U47;1930;1930;1930;1930;3;8;0;3;0;5;0;BETA;1930;2100;x
“ª”]‹‰#777;9046777;U47;1930;1930;1930;1930;3;8;0;3;0;5;0;BETA;1930;2100;x
“ª”]‹‰#778;9046778;U47;1930;1930;1930;1930;3;8;0;3;0;5;0;BETA;1930;2100;x
“ª”]‹‰#779;9046779;U47;1930;1930;1930;1930;3;8;0;3;0;5;0;BETA;1930;2100;x
“ª”]‹‰#780;9046780;U47;1930;1930;1930;1930;3;8;0;3;0;5;0;BETA;1930;2100;x
“ª”]‹‰#781;9046781;U47;1930;1930;1930;1930;3;8;0;3;0;5;0;BETA;1930;2100;x
“ª”]‹‰#782;9046782;U47;1930;1930;1930;1930;3;8;0;3;0;5;0;BETA;1930;2100;x
“ª”]‹‰#783;9046783;U47;1930;1930;1930;1930;3;8;0;3;0;5;0;BETA;1930;2100;x
“ª”]‹‰#784;9046784;U47;1930;1930;1930;1930;3;8;0;3;0;5;0;BETA;1930;2100;x
“ª”]‹‰#785;9046785;U47;1930;1930;1930;1930;3;8;0;3;0;5;0;BETA;1930;2100;x
“ª”]‹‰#786;9046786;U47;1930;1930;1930;1930;3;8;0;3;0;5;0;BETA;1930;2100;x
“ª”]‹‰#787;9046787;U47;1930;1930;1930;1930;3;8;0;3;0;5;0;BETA;1930;2100;x
“ª”]‹‰#788;9046788;U47;1930;1930;1930;1930;3;8;0;3;0;5;0;BETA;1930;2100;x
“ª”]‹‰#789;9046789;U47;1930;1930;1930;1930;3;8;0;3;0;5;0;BETA;1930;2100;x
“ª”]‹‰#790;9046790;U47;1930;1930;1930;1930;3;8;0;3;0;5;0;BETA;1930;2100;x
“ª”]‹‰#791;9046791;U47;1930;1930;1930;1930;3;8;0;3;0;5;0;BETA;1930;2100;x
“ª”]‹‰#792;9046792;U47;1930;1930;1930;1930;3;8;0;3;0;5;0;BETA;1930;2100;x
“ª”]‹‰#793;9046793;U47;1930;1930;1930;1930;3;8;0;3;0;5;0;BETA;1930;2100;x
“ª”]‹‰#794;9046794;U47;1930;1930;1930;1930;3;8;0;3;0;5;0;BETA;1930;2100;x
“ª”]‹‰#795;9046795;U47;1930;1930;1930;1930;3;8;0;3;0;5;0;BETA;1930;2100;x
“ª”]‹‰#796;9046796;U47;1930;1930;1930;1930;3;8;0;3;0;5;0;BETA;1930;2100;x
“ª”]‹‰#797;9046797;U47;1930;1930;1930;1930;3;8;0;3;0;5;0;BETA;1930;2100;x
“ª”]‹‰#798;9046798;U47;1930;1930;1930;1930;3;8;0;3;0;5;0;BETA;1930;2100;x
“ª”]‹‰#799;9046799;U47;1930;1930;1930;1930;3;8;0;3;0;5;0;BETA;1930;2100;x
“ª”]‹‰#800;9046800;U47;1930;1930;1930;1930;3;8;0;3;0;5;0;BETA;1930;2100;x
“ª”]‹‰#801;9046801;U47;1930;1930;1930;1930;3;8;0;3;0;5;0;BETA;1930;2100;x
“ª”]‹‰#802;9046802;U47;1930;1930;1930;1930;3;8;0;3;0;5;0;BETA;1930;2100;x
“ª”]‹‰#803;9046803;U47;1930;1930;1930;1930;3;8;0;3;0;5;0;BETA;1930;2100;x
“ª”]‹‰#804;9046804;U47;1930;1930;1930;1930;3;8;0;3;0;5;0;BETA;1930;2100;x
“ª”]‹‰#805;9046805;U47;1930;1930;1930;1930;3;8;0;3;0;5;0;BETA;1930;2100;x
“ª”]‹‰#806;9046806;U47;1930;1930;1930;1930;3;8;0;3;0;5;0;BETA;1930;2100;x
“ª”]‹‰#807;9046807;U47;1930;1930;1930;1930;3;8;0;3;0;5;0;BETA;1930;2100;x
“ª”]‹‰#808;9046808;U47;1930;1930;1930;1930;3;8;0;3;0;5;0;BETA;1930;2100;x
“ª”]‹‰#809;9046809;U47;1930;1930;1930;1930;3;8;0;3;0;5;0;BETA;1930;2100;x
“ª”]‹‰#810;9046810;U47;1930;1930;1930;1930;3;8;0;3;0;5;0;BETA;1930;2100;x
“ª”]‹‰#811;9046811;U47;1930;1930;1930;1930;3;8;0;3;0;5;0;BETA;1930;2100;x
“ª”]‹‰#812;9046812;U47;1930;1930;1930;1930;3;8;0;3;0;5;0;BETA;1930;2100;x
“ª”]‹‰#813;9046813;U47;1930;1930;1930;1930;3;8;0;3;0;5;0;BETA;1930;2100;x
“ª”]‹‰#814;9046814;U47;1930;1930;1930;1930;3;8;0;3;0;5;0;BETA;1930;2100;x
“ª”]‹‰#815;9046815;U47;1930;1930;1930;1930;3;8;0;3;0;5;0;BETA;1930;2100;x
“ª”]‹‰#816;9046816;U47;1930;1930;1930;1930;3;8;0;3;0;5;0;BETA;1930;2100;x
“ª”]‹‰#817;9046817;U47;1930;1930;1930;1930;3;8;0;3;0;5;0;BETA;1930;2100;x
“ª”]‹‰#818;9046818;U47;1930;1930;1930;1930;3;8;0;3;0;5;0;BETA;1930;2100;x
“ª”]‹‰#819;9046819;U47;1930;1930;1930;1930;3;8;0;3;0;5;0;BETA;1930;2100;x
“ª”]‹‰#820;9046820;U47;1930;1930;1930;1930;3;8;0;3;0;5;0;BETA;1930;2100;x
“ª”]‹‰#821;9046821;U47;1930;1930;1930;1930;3;8;0;3;0;5;0;BETA;1930;2100;x
“ª”]‹‰#822;9046822;U47;1930;1930;1930;1930;3;8;0;3;0;5;0;BETA;1930;2100;x
“ª”]‹‰#823;9046823;U47;1930;1930;1930;1930;3;8;0;3;0;5;0;BETA;1930;2100;x
“ª”]‹‰#824;9046824;U47;1930;1930;1930;1930;3;8;0;3;0;5;0;BETA;1930;2100;x
“ª”]‹‰#825;9046825;U47;1930;1930;1930;1930;3;8;0;3;0;5;0;BETA;1930;2100;x
“ª”]‹‰#826;9046826;U47;1930;1930;1930;1930;3;8;0;3;0;5;0;BETA;1930;2100;x
“ª”]‹‰#827;9046827;U47;1930;1930;1930;1930;3;8;0;3;0;5;0;BETA;1930;2100;x
“ª”]‹‰#828;9046828;U47;1930;1930;1930;1930;3;8;0;3;0;5;0;BETA;1930;2100;x
“ª”]‹‰#829;9046829;U47;1930;1930;1930;1930;3;8;0;3;0;5;0;BETA;1930;2100;x
“ª”]‹‰#830;9046830;U47;1930;1930;1930;1930;3;8;0;3;0;5;0;BETA;1930;2100;x
“ª”]‹‰#831;9046831;U47;1930;1930;1930;1930;3;8;0;3;0;5;0;BETA;1930;2100;x
“ª”]‹‰#832;9046832;U47;1930;1930;1930;1930;3;8;0;3;0;5;0;BETA;1930;2100;x
“ª”]‹‰#833;9046833;U47;1930;1930;1930;1930;3;8;0;3;0;5;0;BETA;1930;2100;x
“ª”]‹‰#834;9046834;U47;1930;1930;1930;1930;3;8;0;3;0;5;0;BETA;1930;2100;x
“ª”]‹‰#835;9046835;U47;1930;1930;1930;1930;3;8;0;3;0;5;0;BETA;1930;2100;x
“ª”]‹‰#836;9046836;U47;1930;1930;1930;1930;3;8;0;3;0;5;0;BETA;1930;2100;x
“ª”]‹‰#837;9046837;U47;1930;1930;1930;1930;3;8;0;3;0;5;0;BETA;1930;2100;x
“ª”]‹‰#838;9046838;U47;1930;1930;1930;1930;3;8;0;3;0;5;0;BETA;1930;2100;x
“ª”]‹‰#839;9046839;U47;1930;1930;1930;1930;3;8;0;3;0;5;0;BETA;1930;2100;x
“ª”]‹‰#840;9046840;U47;1930;1930;1930;1930;3;8;0;3;0;5;0;BETA;1930;2100;x
“ª”]‹‰#841;9046841;U47;1930;1930;1930;1930;3;8;0;3;0;5;0;BETA;1930;2100;x
“ª”]‹‰#842;9046842;U47;1930;1930;1930;1930;3;8;0;3;0;5;0;BETA;1930;2100;x
“ª”]‹‰#843;9046843;U47;1930;1930;1930;1930;3;8;0;3;0;5;0;BETA;1930;2100;x
“ª”]‹‰#844;9046844;U47;1930;1930;1930;1930;3;8;0;3;0;5;0;BETA;1930;2100;x
“ª”]‹‰#845;9046845;U47;1930;1930;1930;1930;3;8;0;3;0;5;0;BETA;1930;2100;x
“ª”]‹‰#846;9046846;U47;1930;1930;1930;1930;3;8;0;3;0;5;0;BETA;1930;2100;x
“ª”]‹‰#847;9046847;U47;1930;1930;1930;1930;3;8;0;3;0;5;0;BETA;1930;2100;x
“ª”]‹‰#848;9046848;U47;1930;1930;1930;1930;3;8;0;3;0;5;0;BETA;1930;2100;x
“ª”]‹‰#849;9046849;U47;1930;1930;1930;1930;3;8;0;3;0;5;0;BETA;1930;2100;x
“ª”]‹‰#850;9046850;U47;1930;1930;1930;1930;3;8;0;3;0;5;0;BETA;1930;2100;x
“ª”]‹‰#851;9046851;U47;1930;1930;1930;1930;3;8;0;3;0;5;0;BETA;1930;2100;x
“ª”]‹‰#852;9046852;U47;1930;1930;1930;1930;3;8;0;3;0;5;0;BETA;1930;2100;x
“ª”]‹‰#853;9046853;U47;1930;1930;1930;1930;3;8;0;3;0;5;0;BETA;1930;2100;x
“ª”]‹‰#854;9046854;U47;1930;1930;1930;1930;3;8;0;3;0;5;0;BETA;1930;2100;x
“ª”]‹‰#855;9046855;U47;1930;1930;1930;1930;3;8;0;3;0;5;0;BETA;1930;2100;x
“ª”]‹‰#856;9046856;U47;1930;1930;1930;1930;3;8;0;3;0;5;0;BETA;1930;2100;x
“ª”]‹‰#857;9046857;U47;1930;1930;1930;1930;3;8;0;3;0;5;0;BETA;1930;2100;x
“ª”]‹‰#858;9046858;U47;1930;1930;1930;1930;3;8;0;3;0;5;0;BETA;1930;2100;x
“ª”]‹‰#859;9046859;U47;1930;1930;1930;1930;3;8;0;3;0;5;0;BETA;1930;2100;x
“ª”]‹‰#860;9046860;U47;1930;1930;1930;1930;3;8;0;3;0;5;0;BETA;1930;2100;x
“ª”]‹‰#861;9046861;U47;1930;1930;1930;1930;3;8;0;3;0;5;0;BETA;1930;2100;x
“ª”]‹‰#862;9046862;U47;1930;1930;1930;1930;3;8;0;3;0;5;0;BETA;1930;2100;x
“ª”]‹‰#863;9046863;U47;1930;1930;1930;1930;3;8;0;3;0;5;0;BETA;1930;2100;x
“ª”]‹‰#864;9046864;U47;1930;1930;1930;1930;3;8;0;3;0;5;0;BETA;1930;2100;x
“ª”]‹‰#865;9046865;U47;1930;1930;1930;1930;3;8;0;3;0;5;0;BETA;1930;2100;x
“ª”]‹‰#866;9046866;U47;1930;1930;1930;1930;3;8;0;3;0;5;0;BETA;1930;2100;x
“ª”]‹‰#867;9046867;U47;1930;1930;1930;1930;3;8;0;3;0;5;0;BETA;1930;2100;x
“ª”]‹‰#868;9046868;U47;1930;1930;1930;1930;3;8;0;3;0;5;0;BETA;1930;2100;x
“ª”]‹‰#869;9046869;U47;1930;1930;1930;1930;3;8;0;3;0;5;0;BETA;1930;2100;x
“ª”]‹‰#870;9046870;U47;1930;1930;1930;1930;3;8;0;3;0;5;0;BETA;1930;2100;x
“ª”]‹‰#871;9046871;U47;1930;1930;1930;1930;3;8;0;3;0;5;0;BETA;1930;2100;x
“ª”]‹‰#872;9046872;U47;1930;1930;1930;1930;3;8;0;3;0;5;0;BETA;1930;2100;x
“ª”]‹‰#873;9046873;U47;1930;1930;1930;1930;3;8;0;3;0;5;0;BETA;1930;2100;x
“ª”]‹‰#874;9046874;U47;1930;1930;1930;1930;3;8;0;3;0;5;0;BETA;1930;2100;x
“ª”]‹‰#875;9046875;U47;1930;1930;1930;1930;3;8;0;3;0;5;0;BETA;1930;2100;x
“ª”]‹‰#876;9046876;U47;1930;1930;1930;1930;3;8;0;3;0;5;0;BETA;1930;2100;x
“ª”]‹‰#877;9046877;U47;1930;1930;1930;1930;3;8;0;3;0;5;0;BETA;1930;2100;x
“ª”]‹‰#878;9046878;U47;1930;1930;1930;1930;3;8;0;3;0;5;0;BETA;1930;2100;x
“ª”]‹‰#879;9046879;U47;1930;1930;1930;1930;3;8;0;3;0;5;0;BETA;1930;2100;x
“ª”]‹‰#880;9046880;U47;1930;1930;1930;1930;3;8;0;3;0;5;0;BETA;1930;2100;x
“ª”]‹‰#881;9046881;U47;1930;1930;1930;1930;3;8;0;3;0;5;0;BETA;1930;2100;x
“ª”]‹‰#882;9046882;U47;1930;1930;1930;1930;3;8;0;3;0;5;0;BETA;1930;2100;x
“ª”]‹‰#883;9046883;U47;1930;1930;1930;1930;3;8;0;3;0;5;0;BETA;1930;2100;x
“ª”]‹‰#884;9046884;U47;1930;1930;1930;1930;3;8;0;3;0;5;0;BETA;1930;2100;x
“ª”]‹‰#885;9046885;U47;1930;1930;1930;1930;3;8;0;3;0;5;0;BETA;1930;2100;x
“ª”]‹‰#886;9046886;U47;1930;1930;1930;1930;3;8;0;3;0;5;0;BETA;1930;2100;x
“ª”]‹‰#887;9046887;U47;1930;1930;1930;1930;3;8;0;3;0;5;0;BETA;1930;2100;x
“ª”]‹‰#888;9046888;U47;1930;1930;1930;1930;3;8;0;3;0;5;0;BETA;1930;2100;x
“ª”]‹‰#889;9046889;U47;1930;1930;1930;1930;3;8;0;3;0;5;0;BETA;1930;2100;x
“ª”]‹‰#890;9046890;U47;1930;1930;1930;1930;3;8;0;3;0;5;0;BETA;1930;2100;x
“ª”]‹‰#891;9046891;U47;1930;1930;1930;1930;3;8;0;3;0;5;0;BETA;1930;2100;x
“ª”]‹‰#892;9046892;U47;1930;1930;1930;1930;3;8;0;3;0;5;0;BETA;1930;2100;x
“ª”]‹‰#893;9046893;U47;1930;1930;1930;1930;3;8;0;3;0;5;0;BETA;1930;2100;x
“ª”]‹‰#894;9046894;U47;1930;1930;1930;1930;3;8;0;3;0;5;0;BETA;1930;2100;x
“ª”]‹‰#895;9046895;U47;1930;1930;1930;1930;3;8;0;3;0;5;0;BETA;1930;2100;x
“ª”]‹‰#896;9046896;U47;1930;1930;1930;1930;3;8;0;3;0;5;0;BETA;1930;2100;x
“ª”]‹‰#897;9046897;U47;1930;1930;1930;1930;3;8;0;3;0;5;0;BETA;1930;2100;x
“ª”]‹‰#898;9046898;U47;1930;1930;1930;1930;3;8;0;3;0;5;0;BETA;1930;2100;x
“ª”]‹‰#899;9046899;U47;1930;1930;1930;1930;3;8;0;3;0;5;0;BETA;1930;2100;x
“ª”]‹‰#900;9046900;U47;1930;1930;1930;1930;3;8;0;3;0;5;0;BETA;1930;2100;x
“ª”]‹‰#901;9046901;U47;1930;1930;1930;1930;3;8;0;3;0;5;0;BETA;1930;2100;x
“ª”]‹‰#902;9046902;U47;1930;1930;1930;1930;3;8;0;3;0;5;0;BETA;1930;2100;x
“ª”]‹‰#903;9046903;U47;1930;1930;1930;1930;3;8;0;3;0;5;0;BETA;1930;2100;x
“ª”]‹‰#904;9046904;U47;1930;1930;1930;1930;3;8;0;3;0;5;0;BETA;1930;2100;x
“ª”]‹‰#905;9046905;U47;1930;1930;1930;1930;3;8;0;3;0;5;0;BETA;1930;2100;x
“ª”]‹‰#906;9046906;U47;1930;1930;1930;1930;3;8;0;3;0;5;0;BETA;1930;2100;x
“ª”]‹‰#907;9046907;U47;1930;1930;1930;1930;3;8;0;3;0;5;0;BETA;1930;2100;x
“ª”]‹‰#908;9046908;U47;1930;1930;1930;1930;3;8;0;3;0;5;0;BETA;1930;2100;x
“ª”]‹‰#909;9046909;U47;1930;1930;1930;1930;3;8;0;3;0;5;0;BETA;1930;2100;x
“ª”]‹‰#910;9046910;U47;1930;1930;1930;1930;3;8;0;3;0;5;0;BETA;1930;2100;x
“ª”]‹‰#911;9046911;U47;1930;1930;1930;1930;3;8;0;3;0;5;0;BETA;1930;2100;x
“ª”]‹‰#912;9046912;U47;1930;1930;1930;1930;3;8;0;3;0;5;0;BETA;1930;2100;x
“ª”]‹‰#913;9046913;U47;1930;1930;1930;1930;3;8;0;3;0;5;0;BETA;1930;2100;x
“ª”]‹‰#914;9046914;U47;1930;1930;1930;1930;3;8;0;3;0;5;0;BETA;1930;2100;x
“ª”]‹‰#915;9046915;U47;1930;1930;1930;1930;3;8;0;3;0;5;0;BETA;1930;2100;x
“ª”]‹‰#916;9046916;U47;1930;1930;1930;1930;3;8;0;3;0;5;0;BETA;1930;2100;x
“ª”]‹‰#917;9046917;U47;1930;1930;1930;1930;3;8;0;3;0;5;0;BETA;1930;2100;x
“ª”]‹‰#918;9046918;U47;1930;1930;1930;1930;3;8;0;3;0;5;0;BETA;1930;2100;x
“ª”]‹‰#919;9046919;U47;1930;1930;1930;1930;3;8;0;3;0;5;0;BETA;1930;2100;x
“ª”]‹‰#920;9046920;U47;1930;1930;1930;1930;3;8;0;3;0;5;0;BETA;1930;2100;x
“ª”]‹‰#921;9046921;U47;1930;1930;1930;1930;3;8;0;3;0;5;0;BETA;1930;2100;x
“ª”]‹‰#922;9046922;U47;1930;1930;1930;1930;3;8;0;3;0;5;0;BETA;1930;2100;x
“ª”]‹‰#923;9046923;U47;1930;1930;1930;1930;3;8;0;3;0;5;0;BETA;1930;2100;x
“ª”]‹‰#924;9046924;U47;1930;1930;1930;1930;3;8;0;3;0;5;0;BETA;1930;2100;x
“ª”]‹‰#925;9046925;U47;1930;1930;1930;1930;3;8;0;3;0;5;0;BETA;1930;2100;x
“ª”]‹‰#926;9046926;U47;1930;1930;1930;1930;3;8;0;3;0;5;0;BETA;1930;2100;x
“ª”]‹‰#927;9046927;U47;1930;1930;1930;1930;3;8;0;3;0;5;0;BETA;1930;2100;x
“ª”]‹‰#928;9046928;U47;1930;1930;1930;1930;3;8;0;3;0;5;0;BETA;1930;2100;x
“ª”]‹‰#929;9046929;U47;1930;1930;1930;1930;3;8;0;3;0;5;0;BETA;1930;2100;x
“ª”]‹‰#930;9046930;U47;1930;1930;1930;1930;3;8;0;3;0;5;0;BETA;1930;2100;x
“ª”]‹‰#931;9046931;U47;1930;1930;1930;1930;3;8;0;3;0;5;0;BETA;1930;2100;x
“ª”]‹‰#932;9046932;U47;1930;1930;1930;1930;3;8;0;3;0;5;0;BETA;1930;2100;x
“ª”]‹‰#933;9046933;U47;1930;1930;1930;1930;3;8;0;3;0;5;0;BETA;1930;2100;x
“ª”]‹‰#934;9046934;U47;1930;1930;1930;1930;3;8;0;3;0;5;0;BETA;1930;2100;x
“ª”]‹‰#935;9046935;U47;1930;1930;1930;1930;3;8;0;3;0;5;0;BETA;1930;2100;x
“ª”]‹‰#936;9046936;U47;1930;1930;1930;1930;3;8;0;3;0;5;0;BETA;1930;2100;x
“ª”]‹‰#937;9046937;U47;1930;1930;1930;1930;3;8;0;3;0;5;0;BETA;1930;2100;x
“ª”]‹‰#938;9046938;U47;1930;1930;1930;1930;3;8;0;3;0;5;0;BETA;1930;2100;x
“ª”]‹‰#939;9046939;U47;1930;1930;1930;1930;3;8;0;3;0;5;0;BETA;1930;2100;x
“ª”]‹‰#940;9046940;U47;1930;1930;1930;1930;3;8;0;3;0;5;0;BETA;1930;2100;x
“ª”]‹‰#941;9046941;U47;1930;1930;1930;1930;3;8;0;3;0;5;0;BETA;1930;2100;x
“ª”]‹‰#942;9046942;U47;1930;1930;1930;1930;3;8;0;3;0;5;0;BETA;1930;2100;x
“ª”]‹‰#943;9046943;U47;1930;1930;1930;1930;3;8;0;3;0;5;0;BETA;1930;2100;x
“ª”]‹‰#944;9046944;U47;1930;1930;1930;1930;3;8;0;3;0;5;0;BETA;1930;2100;x
“ª”]‹‰#945;9046945;U47;1930;1930;1930;1930;3;8;0;3;0;5;0;BETA;1930;2100;x
“ª”]‹‰#946;9046946;U47;1930;1930;1930;1930;3;8;0;3;0;5;0;BETA;1930;2100;x
“ª”]‹‰#947;9046947;U47;1930;1930;1930;1930;3;8;0;3;0;5;0;BETA;1930;2100;x
“ª”]‹‰#948;9046948;U47;1930;1930;1930;1930;3;8;0;3;0;5;0;BETA;1930;2100;x
“ª”]‹‰#949;9046949;U47;1930;1930;1930;1930;3;8;0;3;0;5;0;BETA;1930;2100;x
“ª”]‹‰#950;9046950;U47;1930;1930;1930;1930;3;8;0;3;0;5;0;BETA;1930;2100;x
“ª”]‹‰#951;9046951;U47;1930;1930;1930;1930;3;8;0;3;0;5;0;BETA;1930;2100;x
“ª”]‹‰#952;9046952;U47;1930;1930;1930;1930;3;8;0;3;0;5;0;BETA;1930;2100;x
“ª”]‹‰#953;9046953;U47;1930;1930;1930;1930;3;8;0;3;0;5;0;BETA;1930;2100;x
“ª”]‹‰#954;9046954;U47;1930;1930;1930;1930;3;8;0;3;0;5;0;BETA;1930;2100;x
“ª”]‹‰#955;9046955;U47;1930;1930;1930;1930;3;8;0;3;0;5;0;BETA;1930;2100;x
“ª”]‹‰#956;9046956;U47;1930;1930;1930;1930;3;8;0;3;0;5;0;BETA;1930;2100;x
“ª”]‹‰#957;9046957;U47;1930;1930;1930;1930;3;8;0;3;0;5;0;BETA;1930;2100;x
“ª”]‹‰#958;9046958;U47;1930;1930;1930;1930;3;8;0;3;0;5;0;BETA;1930;2100;x
“ª”]‹‰#959;9046959;U47;1930;1930;1930;1930;3;8;0;3;0;5;0;BETA;1930;2100;x
“ª”]‹‰#960;9046960;U47;1930;1930;1930;1930;3;8;0;3;0;5;0;BETA;1930;2100;x
“ª”]‹‰#961;9046961;U47;1930;1930;1930;1930;3;8;0;3;0;5;0;BETA;1930;2100;x
“ª”]‹‰#962;9046962;U47;1930;1930;1930;1930;3;8;0;3;0;5;0;BETA;1930;2100;x
“ª”]‹‰#963;9046963;U47;1930;1930;1930;1930;3;8;0;3;0;5;0;BETA;1930;2100;x
“ª”]‹‰#964;9046964;U47;1930;1930;1930;1930;3;8;0;3;0;5;0;BETA;1930;2100;x
“ª”]‹‰#965;9046965;U47;1930;1930;1930;1930;3;8;0;3;0;5;0;BETA;1930;2100;x
“ª”]‹‰#966;9046966;U47;1930;1930;1930;1930;3;8;0;3;0;5;0;BETA;1930;2100;x
“ª”]‹‰#967;9046967;U47;1930;1930;1930;1930;3;8;0;3;0;5;0;BETA;1930;2100;x
“ª”]‹‰#968;9046968;U47;1930;1930;1930;1930;3;8;0;3;0;5;0;BETA;1930;2100;x
“ª”]‹‰#969;9046969;U47;1930;1930;1930;1930;3;8;0;3;0;5;0;BETA;1930;2100;x
“ª”]‹‰#970;9046970;U47;1930;1930;1930;1930;3;8;0;3;0;5;0;BETA;1930;2100;x
“ª”]‹‰#971;9046971;U47;1930;1930;1930;1930;3;8;0;3;0;5;0;BETA;1930;2100;x
“ª”]‹‰#972;9046972;U47;1930;1930;1930;1930;3;8;0;3;0;5;0;BETA;1930;2100;x
“ª”]‹‰#973;9046973;U47;1930;1930;1930;1930;3;8;0;3;0;5;0;BETA;1930;2100;x
“ª”]‹‰#974;9046974;U47;1930;1930;1930;1930;3;8;0;3;0;5;0;BETA;1930;2100;x
“ª”]‹‰#975;9046975;U47;1930;1930;1930;1930;3;8;0;3;0;5;0;BETA;1930;2100;x
“ª”]‹‰#976;9046976;U47;1930;1930;1930;1930;3;8;0;3;0;5;0;BETA;1930;2100;x
“ª”]‹‰#977;9046977;U47;1930;1930;1930;1930;3;8;0;3;0;5;0;BETA;1930;2100;x
“ª”]‹‰#978;9046978;U47;1930;1930;1930;1930;3;8;0;3;0;5;0;BETA;1930;2100;x
“ª”]‹‰#979;9046979;U47;1930;1930;1930;1930;3;8;0;3;0;5;0;BETA;1930;2100;x
“ª”]‹‰#980;9046980;U47;1930;1930;1930;1930;3;8;0;3;0;5;0;BETA;1930;2100;x
“ª”]‹‰#981;9046981;U47;1930;1930;1930;1930;3;8;0;3;0;5;0;BETA;1930;2100;x
“ª”]‹‰#982;9046982;U47;1930;1930;1930;1930;3;8;0;3;0;5;0;BETA;1930;2100;x
“ª”]‹‰#983;9046983;U47;1930;1930;1930;1930;3;8;0;3;0;5;0;BETA;1930;2100;x
“ª”]‹‰#984;9046984;U47;1930;1930;1930;1930;3;8;0;3;0;5;0;BETA;1930;2100;x
“ª”]‹‰#985;9046985;U47;1930;1930;1930;1930;3;8;0;3;0;5;0;BETA;1930;2100;x
“ª”]‹‰#986;9046986;U47;1930;1930;1930;1930;3;8;0;3;0;5;0;BETA;1930;2100;x
“ª”]‹‰#987;9046987;U47;1930;1930;1930;1930;3;8;0;3;0;5;0;BETA;1930;2100;x
“ª”]‹‰#988;9046988;U47;1930;1930;1930;1930;3;8;0;3;0;5;0;BETA;1930;2100;x
“ª”]‹‰#989;9046989;U47;1930;1930;1930;1930;3;8;0;3;0;5;0;BETA;1930;2100;x
“ª”]‹‰#990;9046990;U47;1930;1930;1930;1930;3;8;0;3;0;5;0;BETA;1930;2100;x
“ª”]‹‰#991;9046991;U47;1930;1930;1930;1930;3;8;0;3;0;5;0;BETA;1930;2100;x
“ª”]‹‰#992;9046992;U47;1930;1930;1930;1930;3;8;0;3;0;5;0;BETA;1930;2100;x
“ª”]‹‰#993;9046993;U47;1930;1930;1930;1930;3;8;0;3;0;5;0;BETA;1930;2100;x
“ª”]‹‰#994;9046994;U47;1930;1930;1930;1930;3;8;0;3;0;5;0;BETA;1930;2100;x
“ª”]‹‰#995;9046995;U47;1930;1930;1930;1930;3;8;0;3;0;5;0;BETA;1930;2100;x
“ª”]‹‰#996;9046996;U47;1930;1930;1930;1930;3;8;0;3;0;5;0;BETA;1930;2100;x
“ª”]‹‰#997;9046997;U47;1930;1930;1930;1930;3;8;0;3;0;5;0;BETA;1930;2100;x
“ª”]‹‰#998;9046998;U47;1930;1930;1930;1930;3;8;0;3;0;5;0;BETA;1930;2100;x
“ª”]‹‰#999;9046999;U47;1930;1930;1930;1930;3;8;0;3;0;5;0;BETA;1930;2100;x
“ª”]‹‰#1000;9047000;U47;1930;1930;1930;1930;3;8;0;3;0;5;0;BETA;1930;2100;x
