Name;ID;Country;Rank 3 Year;Rank 2 Year;Rank 1 Year;Rank 0 Year;Ideal Rank;Max Skill;Traits;Skill;Experience;Loyalty;Type;Picture;Start Year;End Year;x;;;;;;;;;;;;;;;;;
クレイトン・W・エイブラムス Jr.;60000;USA;1960;1963;1964;2100;1;7;128;2;0;5;0;M6008;1960;2040;x
ロジャー・ドンロン;60002;USA;1958;2100;2100;2100;3;5;64;1;0;5;0;L60002;1958;2040;x ♯退役
ジョン・D・バークレイ;60003;USA;1950;1960;2100;2100;2;5;0;2;0;5;1;L60003;1950;2040;x ♯退役
ジェームズ・E・ヒル;60004;USA;1956;1966;1977;2100;1;6;0;2;0;5;2;L60004;1956;2040;x ♯退役
ノエル・A・M・ゲイラー;60005;USA;1951;1955;1962;2100;1;6;0;1;0;5;1;L60005;1951;2040;x ♯退役
ジョージ・C・アクステル;60006;USA;1951;1972;2100;2100;2;6;131072;1;0;5;2;L60006;1951;2040;x ♯退役
アンドリュー・J・グッドパスター;60007;USA;1961;1966;1968;2100;1;7;33;2;0;5;0;L60007;1961;2040;x ♯退役
ブルース・パルマー Jr.;60008;USA;1961;1963;1968;2100;1;7;256;2;0;5;0;L60008;1961;2040;x ♯退役
ウィリアム・B・ローソン;60009;USA;1960;1960;1969;2100;1;6;2;1;0;5;0;L60009;1960;2040;x ♯退役
フレデリック・C・ウェイヤンド;60010;USA;1962;1968;1970;2100;1;7;4;1;0;5;0;M6139;1962;2040;x ♯退役
ヘンリー・A・マイリー Jr.;60011;USA;1963;1969;1970;2100;1;6;3;1;0;5;0;L60011;1963;2040;x ♯退役
マイケル・S・デイヴィソン;60012;USA;1963;1968;1970;2100;1;6;128;1;0;5;0;L60012;1963;2040;x ♯退役
ドナルド・V・ベネット;60013;USA;1960;1960;1972;2100;1;6;64;1;0;5;0;L60013;1960;2040;x ♯退役
アレクサンダー・M・ヘイグ Jr.;60014;USA;1969;1972;1973;2100;1;7;4;2;0;5;0;M6056;1960;2040;x ♯退役
ウォルター・T・ケルウィン Jr.;60015;USA;1960;1960;1973;2100;1;6;64;1;0;5;0;L60015;1960;2040;x ♯退役
ウィリアム・E・デピュー;60016;USA;1960;1960;1973;2100;1;6;16;1;0;5;0;L60016;1960;2040;x ♯退役
ルチャード・G・スティルウェル;60017;USA;1960;1960;1973;2100;1;6;128;1;0;5;0;L60017;1960;2040;x ♯退役
メルヴィン・ザイス;60018;USA;1960;1960;1973;2100;1;6;256;1;0;5;0;L60018;1960;2040;x ♯退役
バーナード・W・ロジャース;60019;USA;1970;1972;1974;2100;1;7;0;2;0;5;0;M6140;1970;2040;x ♯退役
ジョン・R・ディーン Jr.;60020;USA;1970;1970;1975;2100;1;6;256;1;0;5;0;L60020;1970;2040;x ♯退役
ジョージ・S・ブランチャード;60021;USA;1970;1970;1975;2100;1;6;256;1;0;5;0;L60021;1970;2040;x ♯退役
ウィリアム・A・ノールトン;60022;USA;1970;1970;1976;2100;1;6;128;1;0;5;0;L60022;1970;2040;x ♯退役
フレデリック・J・クローセン Jr.;60023;USA;1970;1970;1976;2100;1;6;256;1;0;5;0;L60023;1970;2040;x ♯退役
ジョン・ウィリアム・ヴェッシー Jr.;60024;USA;1974;1975;1976;2100;1;7;4;2;0;5;0;M6129;1970;2040;x ♯退役
ドン・A・スターリー;60025;USA;1970;1970;1977;2100;1;6;128;1;0;5;0;L60025;1970;2040;x ♯退役
サム・S・ウォーカー;60026;USA;1970;1970;1977;2100;1;7;260;1;0;5;0;L60026;1970;2040;x ♯退役
ジョン・R・ガスリー;60027;USA;1970;1970;1977;2100;1;6;32;1;0;5;0;L60027;1970;2040;x ♯退役
ロバート・M・シューメーカー;60028;USA;1970;1970;1978;2100;1;6;4;1;0;5;0;L60028;1970;2040;x ♯退役
エドワード・C・メイヤー;60029;USA;1970;1970;1979;2100;1;6;256;1;0;5;0;M6141;1970;2040;x ♯退役
ジョン・A・ウィッカム Jr.;60030;USA;1970;1970;1979;2100;1;6;256;1;0;5;0;M6142;1970;2040;x ♯退役
ヴォルニー・F・ワーナー;60031;USA;1972;1975;1979;2100;1;7;256;1;0;5;0;L60031;1972;2040;x ♯退役
グレン・K・オティス;60032;USA;1972;1978;1981;2100;1;7;128;2;0;5;0;L60032;1974;2040;x ♯退役
ドナルド・R・キース;60033;USA;1972;1977;1981;2100;1;6;1;1;0;5;0;L60033;1974;2040;x ♯退役
リチャード・E・カヴァゾス;60034;USA;1972;1980;1982;2100;1;7;64;2;0;5;0;L60034;1972;2040;x ♯退役
ロバート・W・セネワルド;60035;USA;1972;1980;1982;2100;1;6;2;1;0;5;0;L60035;1972;2040;x ♯退役
ロスコー・ロビンソン Jr.;60036;USA;1972;1980;1982;2100;1;7;256;2;0;5;0;L60036;1972;2040;x ♯退役
ウィリアム・R・リチャードソン;60037;USA;1973;1980;1983;2100;1;6;2;1;0;5;0;L60037;1973;2040;x ♯退役
ポール・F・ゴーマン;60038;USA;1973;1980;1983;2100;1;6;0;1;0;5;0;L60038;1973;2040;x ♯退役
ウォレス・H・ナッティング;60039;USA;1973;1980;1983;2100;1;7;128;2;0;5;0;L60039;1973;2040;x ♯退役
マクスウェル・R・トルーマン;60040;USA;1973;1980;1983;2100;1;6;1;1;0;5;0;L60040;1973;2040;x ♯退役
ウィリアム・J・リブジー;60041;USA;1974;1980;1984;2100;1;6;4;1;0;5;0;L60041;1974;2040;x ♯退役
リチャード・ホーナー・トンプソン;60042;USA;1974;1981;1984;2100;1;6;1;1;0;5;0;L60042;1974;2040;x ♯退役
ロバート・C・キングストン;60043;USA;1972;1981;1984;2100;1;7;4;1;0;5;0;L60043;1972;2040;x ♯退役
ジョン・R・ガルヴィン;60044;USA;1975;1981;1985;2100;1;6;0;1;0;5;0;L60044;1975;2040;x ♯退役
フレッド・K・マハフィー;60045;USA;1975;1980;1985;2100;1;7;260;2;0;5;0;L60045;1975;2040;x ♯退役
ジャック・N・メリット;60046;USA;1975;1981;1985;2100;1;6;64;1;0;5;0;L60046;1975;2040;x ♯退役
カール・E・ヴオノ;60047;USA;1976;1983;1986;2100;1;7;4;1;0;5;0;M6143;1976;2040;x ♯退役
ジョセフ・T・パラストラ Jr.;60048;USA;1976;1983;1986;2100;1;6;16;1;0;5;0;L60048;1976;2040;x ♯退役
ジェームズ・J・リンゼイ;60049;USA;1976;1984;1986;2100;1;6;256;1;0;5;0;L60049;1976;2040;x ♯退役
ルイス・C・ワグナー Jr.;60050;USA;1977;1983;1987;2100;1;6;1;1;0;5;0;L60050;1977;2040;x ♯退役
フレデリック・F・ウェーナー Jr.;60051;USA;1977;1984;1987;2100;1;7;4;2;0;5;0;L60051;1977;2040;x ♯退役
アーサー・E・ブラウン Jr.;60052;USA;1977;1983;1987;2100;1;7;4;2;0;5;0;L60052;1977;2040;x ♯退役
ルイス・C・メネトレー;60053;USA;1977;1982;1987;2100;1;7;16;1;0;5;0;L60053;1977;2040;x ♯退役
クロスビー・E・セイント;60054;USA;1978;1985;1988;2100;1;6;128;1;0;5;0;L60054;1978;2040;x ♯退役
ノーマン・シュワルツコフ Jr.;60055;USA;1976;1983;1988;2100;0;9;6;3;0;5;0;L60055;1976;2040;x ♯退役
ロバート・W・リスカッシ;60056;USA;1979;1985;1989;2100;1;6;16;1;0;5;0;L60056;1979;2040;x ♯退役
コリン・パウエル;60057;USA;1979;1987;1989;2100;1;6;0;1;0;5;0;M6062;1979;2040;x ♯退役
ジョン・W・フォス;60058;USA;1979;1985;1989;2100;1;6;256;1;0;5;0;L60058;1979;2040;x ♯退役
エドウィン・H・ブルダ Jr.;60059;USA;1979;1985;1989;2100;1;6;0;1;0;5;0;L60059;1979;2040;x ♯退役
ウィリアム・G・T・タトル Jr.;60060;USA;1979;1985;1989;2100;1;6;1;1;0;5;0;L60060;1979;2040;x ♯退役
ゴードン・R・サリヴァン;60061;USA;1980;1985;1990;2100;1;6;2;1;0;5;0;M6144;1980;2040;x ♯退役
カール・W・スティナー;60062;USA;1980;1985;1990;2100;1;7;256;2;0;5;0;L60062;1980;2040;x ♯退役
ジョージ・A・ジョールワン;60063;USA;1980;1985;1990;2100;1;7;128;2;0;5;0;L60063;1980;2040;x ♯退役
デニス・J・ライマー;60064;USA;1984;1990;1991;2100;1;7;4;2;0;5;0;L60064;1984;2040;x ♯退役
フレデリック・M・フランクス Jr.;60065;USA;1984;1988;1991;2100;1;7;128;2;0;5;0;L60065;1984;2040;x ♯退役
ジミー・D・ロス;60066;USA;1982;1988;1992;2100;1;6;1;1;0;5;0;L60066;1982;2040;x ♯退役
ジョン・シャリカシュヴィリ;60067;USA;1982;1988;1992;2100;1;8;129;2;0;5;0;M6133;1982;2040;x ♯退役
デヴィッド・M・マドックス;60068;USA;1982;1988;1992;2100;1;6;4;1;0;5;0;L60068;1982;2040;x ♯退役
J・H・ビンフォード・パーシー3世;60069;USA;1983;1989;1993;2100;1;7;256;2;0;5;0;L60069;1983;2040;x ♯退役
ウェイン・A・ダウニング;60070;USA;1983;1989;1993;2100;1;7;256;2;0;5;0;L60070;1983;2040;x ♯退役
ゲーリー・E・ラック;60071;USA;1983;1989;1993;2100;1;6;256;1;0;5;0;L60071;1983;2040;x ♯退役
レオン・E・サロモン;60072;USA;1984;1989;1994;2100;1;6;1;1;0;5;0;L60072;1984;2040;x ♯退役
バリー・R・マキャフリー;60073;USA;1984;1989;1994;2100;1;7;16;1;0;5;0;L60073;1984;2040;x ♯退役
ジョン・H・ティレリ Jr.;60074;USA;1984;1989;1994;2100;1;6;2;1;0;5;0;L60074;1984;2040;x ♯退役
ウィリアム・W・ハーツォグ;60075;USA;1984;1989;1994;2100;1;6;16;1;0;5;0;L60075;1984;2040;x ♯退役
ウィリアム・W・クロウチ;60076;USA;1985;1990;1995;2100;1;7;4;1;0;5;0;L60076;1985;2040;x ♯退役
ロナルド・H・グリフィス;60077;USA;1985;1990;1995;2100;1;7;129;2;0;5;0;L60077;1985;2040;x ♯退役
ヘンリー・ヒュー・シェルトン;60078;USA;1986;1991;1996;2100;1;7;129;2;0;5;0;M6134;1986;2040;x ♯退役
ジョニー・E・ウィルソン;60079;USA;1986;1991;1996;2100;1;6;1;1;0;5;0;L60079;1986;2040;x ♯退役
ウェズレー・K・クラーク Sr.;60080;USA;1986;1991;1996;2100;1;7;4;2;0;5;0;L60080;1986;2040;x ♯退役
デヴィッド・A・ブラムレット;60081;USA;1986;1991;1996;2100;1;6;256;1;0;5;0;L60081;1986;2040;x ♯退役
エリック・シンセキ;60082;USA;1987;1996;1997;2100;1;8;132;2;0;5;0;M6146;1987;2040;x ♯退役
ピーター・シューメイカー;60083;USA;1987;1993;1997;2100;1;7;16;2;0;5;0;M6147;1987;2040;x ♯退役
トーマス・A・シュワルツ;60084;USA;1988;1993;1998;2100;1;6;0;1;0;5;0;L60084;1988;2040;x ♯退役
ジョン・N・エイブラムス;60085;USA;1988;1993;1998;2100;1;7;4194308;1;0;5;0;L60085;1988;2040;x ♯退役
モントゴメリー・C・メグズ;60086;USA;1988;1993;1998;2100;1;7;4;1;0;5;0;L60086;1988;2040;x ♯退役
ジョン・M・キーン;60087;USA;1989;1994;1999;2100;1;7;256;2;0;5;0;L60087;1989;2040;x ♯退役
ジョン・G・コバーン;60088;USA;1989;1994;1999;2100;1;6;1;1;0;5;0;L60088;1989;2040;x ♯退役
ジョン・W・ヘンドリックス;60089;USA;1989;1994;1999;2100;1;6;0;1;0;5;0;L60089;1989;2040;x ♯退役
ウィリアム・F・カーナン;60090;USA;1990;1995;2000;2100;1;7;256;1;0;5;0;L60090;1990;2040;x ♯退役
トミー・R・フランクス;60091;USA;1990;1995;2000;2100;1;7;64;2;0;5;0;L60091;1990;2040;x ♯退役
ラリー・R・エリス;60092;USA;1991;1996;2001;2100;1;7;128;1;0;5;0;L60092;1991;2040;x ♯退役
パウル・J・カーン;60093;USA;1991;1996;2001;2100;1;6;1;1;0;5;0;L60093;1991;2040;x ♯退役
レオン・J・ラポーテ;60094;USA;1992;1997;2002;2100;1;6;0;1;0;5;0;L60094;1992;2040;x ♯退役
ジェームズ・T・ヒル;60095;USA;1992;1997;2002;2100;1;6;256;2;0;5;0;L60095;1992;2040;x ♯退役
ケヴィン・P・バーンズ;60096;USA;1992;1997;2002;2100;1;6;4;1;0;5;0;L60096;1992;2040;x ♯退役
バーウェル・B・ベル3世;60097;USA;1992;1997;2002;2100;1;7;132;2;0;5;0;L60097;1992;2040;x ♯退役
ジョン・P・アビザイド;60098;USA;1993;1998;2003;2100;1;7;262148;2;0;5;0;L60098;1993;2040;x ♯退役
ブライアン・D・ブラウン;60099;USA;1993;1998;2003;2100;1;7;256;2;0;5;0;L60099;1993;2040;x ♯退役
ジョージ・W・ケイシー Jr.;60100;USA;1993;1998;2003;2100;1;8;6;2;0;5;0;M6148;1993;2040;x ♯退役
リチャード・A・コディ;60101;USA;1994;1999;2004;2100;1;7;256;2;0;5;0;L60101;1994;2040;x ♯退役
ダン・K・マクニール;60102;USA;1994;1999;2004;2100;1;7;258;1;0;5;0;L60102;1994;2040;x ♯退役
ベンジャミン・S・グリフィン;60103;USA;1994;1999;2004;2100;1;7;3;1;0;5;0;L60103;1994;2040;x ♯退役
バンツ・J・クラドック;60104;USA;1995;2000;2005;2100;1;7;256;2;0;5;0;L60104;1995;2040;x ♯退役
ウィリアム・S・ウォレス;60105;USA;1995;2000;2005;2100;1;6;0;1;0;5;0;L60105;1995;2040;x ♯退役
デヴィッド・D・マッキーナン;60106;USA;1995;2000;2005;2100;1;7;4;1;0;5;0;L60106;1995;2040;x ♯退役
ウィリアム・E・ワード;60107;USA;1996;2001;2006;2100;1;6;256;1;0;5;0;L60107;1996;2040;x ♯退役
チャールズ・C・キャンベル;60108;USA;1997;2002;2007;2100;1;7;16;1;0;5;0;L60108;1997;2040;x ♯退役
デヴィッド・H・ペトレイアス;60109;USA;1997;2002;2007;2100;1;8;258;2;0;5;0;M6125;1997;2040;x ♯退役
ウィルター・L・シャープ;60110;USA;1999;2005;2008;2100;1;7;4;1;0;5;0;L60110;1999;2040;x ♯退役
ペーター・W・キアレッリ;60111;USA;1999;2005;2008;2100;1;7;2;1;0;5;0;L60111;1999;2040;x ♯退役
カーター・F・ハム;60112;USA;2003;2007;2008;2100;1;7;2;1;0;5;0;L60112;2003;2040;x ♯退役
レイモンド・T・オディエルノ;60113;USA;1999;2005;2008;2100;1;8;64;2;0;5;0;M6150;1999;2040;x ♯退役
アン・E・ダンウッディ;60114;USA;1999;2005;2008;2100;1;6;1;1;0;5;0;L60114;1999;2040;x ♯退役
マーティン・E・デンプシー;60115;USA;2001;2005;2008;2100;1;7;256;1;0;5;0;M6138;2001;2040;x ♯退役
スタンリー・A・マクリスタル;60116;USA;2001;2006;2009;2100;1;8;6;2;0;5;0;L60116;2001;2040;x ♯退役
キース・B・アレクサンダー;60117;USA;2001;2006;2010;2100;1;7;2;1;0;5;0;L60117;2001;2040;x ♯退役
ジェームズ・D・サーマン;60118;USA;2001;2006;2010;2100;1;7;4;1;0;5;0;L60118;2001;2040;x ♯退役
ロイド・J・オースティン3世;60119;USA;2001;2006;2010;2100;1;7;256;2;0;5;0;L60119;2001;2040;x ♯退役
ロバート・W・コーン;60120;USA;2004;2009;2011;2100;1;7;4;1;0;5;0;L60120;2004;2040;x ♯退役
チャールズ・H・ジャコビー Jr.;60121;USA;2002;2007;2011;2100;1;7;256;1;0;5;0;L60121;2002;2040;x ♯退役
デヴィッド・M・ロドリゲス;60122;USA;2002;2007;2011;2100;1;7;256;1;0;5;0;L60122;2002;2040;x ♯退役
デニス・L・ヴィア;60123;USA;2002;2007;2012;2100;1;6;1;1;0;5;0;L60123;2002;2040;x ♯退役
フランク・J・グラス;60124;USA;2006;2010;2012;2100;1;6;32;1;0;5;0;L60124;2002;2040;x ♯退役
ジョン・F・キャンベル;60125;USA;2005;2011;2013;2100;1;7;256;1;0;5;0;L60125;2005;2040;x ♯退役
ダニエル・B・アリン;60126;USA;2005;2012;2013;2100;1;6;256;1;0;5;0;L60126;2005;2040;x ♯退役
ヴィンセント・K・ブルックス;60127;USA;2005;2011;2013;2100;1;7;2;1;0;5;0;L60127;2005;2040;x ♯退役
カーチス・M・スカパロッティ;60128;USA;2005;2010;2013;2100;1;7;256;2;0;5;0;L60128;2005;2040;x ♯退役
エルモ・R・ズムウォルト Jr.;60129;USA;1965;1968;1970;2100;1;7;2048;2;0;5;1;M6009;1965;2040;x ♯退役
ラルフ・W・カズンズ;60130;USA;1970;1970;1972;2100;1;7;8192;2;0;5;1;L60130;1970;2040;x ♯退役
アイザック・C・キッド Jr.;60131;USA;1970;1970;1972;2100;1;7;4096;2;0;5;1;L60131;1970;2040;x ♯退役
トーマス・B・ヘイワード;60132;USA;1970;1970;1976;2100;1;7;8192;2;0;5;1;M6152;1970;2040;x ♯退役
モーリス・F・ウェイスナー;60133;USA;1970;1970;1972;2100;1;6;0;1;0;5;1;L60133;1970;2040;x ♯退役
ジェームズ・L・ホロウェイ3世;60134;USA;1970;1970;1973;2100;1;7;4096;2;0;5;1;M6151;1970;2040;x ♯退役
ウォルス・H・バグレー;60135;USA;1970;1970;1973;2100;1;6;0;1;0;5;1;L60135;1970;2040;x ♯退役
ハイマン・G・リッコーヴァー;60136;USA;1970;1970;1973;2100;1;6;0;1;0;5;1;L60136;1970;2040;x ♯退役
メアンズ・ジョンストン Jr.;60137;USA;1970;1970;1973;2100;1;6;0;1;0;5;1;L60137;1970;2040;x ♯退役
ハロルド・E・シェア;60138;USA;1970;1970;1974;2100;1;6;0;1;0;5;1;L60138;1970;2040;x ♯退役
ジョン・P・ワイネル;60139;USA;1970;1970;1974;2100;1;6;0;1;0;5;1;L60139;1970;2040;x ♯退役
フレデリック・H・マイケリス;60140;USA;1970;1970;1975;2100;1;7;8192;2;0;5;1;L60140;1970;2040;x ♯退役
デヴィッド・H・バグレー;60141;USA;1970;1970;1975;2100;1;6;0;1;0;5;1;L60141;1970;2040;x ♯退役
スタンズフィールド・M・ターナー;60142;USA;1970;1970;1975;2100;1;7;0;2;0;5;1;M6113;1970;2040;x ♯退役
ダニエル・J・マーフィー;60143;USA;1970;1970;1976;2100;1;6;8192;1;0;5;1;L60143;1970;2040;x ♯退役
ロバート・L・J・ロング;60144;USA;1970;1975;1977;2100;1;7;1024;2;0;5;1;L60144;1970;2040;x ♯退役
ドナルド・C・デイヴィス;60145;USA;1970;1975;1978;2100;1;6;0;1;0;5;1;L60145;1970;2040;x ♯退役
アルフレッド・J・ホイットル Jr.;60146;USA;1970;1975;1978;2100;1;6;1024;1;0;5;1;L60146;1970;2040;x ♯退役
ハリー・D・トレイン2世;60147;USA;1970;1975;1978;2100;1;7;2048;1;0;5;1;L60147;1970;2040;x ♯退役
ジェームズ・D・ワトキンス ;60148;USA;1970;1975;1979;2100;1;8;4096;2;0;5;1;M6153;1970;2040;x ♯退役
ウィリアム・J・クロウ Jr.;60149;USA;1973;1977;1980;2100;1;7;1024;2;0;5;1;M6130;1973;2040;x ♯退役
ボビー・レイ・インマン;60150;USA;1970;1977;1981;2100;1;6;0;1;0;5;1;L60150;1970;2040;x ♯退役
ウィリアム・N・スモール;60151;USA;1970;1977;1981;2100;1;6;8192;1;0;5;1;L60151;1970;2040;x ♯退役
ジョン・G・ウィリアムズ Jr.;60152;USA;1970;1977;1981;2100;1;6;1024;1;0;5;1;L60152;1970;2040;x ♯退役
ジョージ・E・R・キニア2世;60153;USA;1970;1977;1981;2100;1;6;0;2;0;5;1;L60153;1970;2040;x ♯退役
キンナード・R・マッキー;60154;USA;1970;1978;1982;2100;1;7;1024;2;0;5;1;L60154;1970;2040;x ♯退役
シルヴェスター・R・フォーリー Jr.;60155;USA;1970;1978;1982;2100;1;6;0;1;0;5;1;L60155;1970;2040;x ♯退役
ウェズリー・L・マクドナルド;60156;USA;1972;1978;1982;2100;1;7;4096;2;0;5;1;L60156;1972;2040;x ♯退役
ロナルド・J・ヘイズ;60157;USA;1970;1980;1983;2100;1;6;8192;1;0;5;1;L60157;1970;2040;x ♯退役
スティーヴン・A・ホワイト;60158;USA;1970;1980;1983;2100;1;6;0;1;0;5;1;L60158;1970;2040;x ♯退役
リー・J・バゲット Jr.;60159;USA;1975;1982;1985;2100;1;7;2048;1;0;5;1;L60159;1975;2040;x ♯退役
ジェームズ・A・ライオンズ Jr.;60160;USA;1975;1982;1985;2100;1;7;4096;2;0;5;1;L60160;1975;2040;x ♯退役
カーライル・A・H・トロスト;60161;USA;1975;1982;1985;2100;1;7;1024;2;0;5;1;M6154;1975;2040;x ♯退役
ジェームズ・B・ビジー4世;60162;USA;1975;1982;1985;2100;1;7;8192;2;0;5;1;L60162;1975;2040;x ♯退役
アーサー・S・モロー Jr.;60163;USA;1975;1982;1985;2100;1;6;0;1;0;5;1;L60163;1975;2040;x ♯退役
フランク・B・ケルソー2世;60164;USA;1980;1983;1986;2100;1;7;1024;2;0;5;1;M6155;1980;2040;x ♯退役
ハンティントン・ハーディスティー;60165;USA;1980;1985;1987;2100;1;6;8192;1;0;5;1;L60165;1980;2040;x ♯退役
パウエル・F・カーター Jr.;60166;USA;1980;1985;1987;2100;1;6;0;2;0;5;1;L60166;1980;2040;x ♯退役
デイヴィッド・E・ジェレマイア;60167;USA;1980;1985;1987;2100;1;7;2048;1;0;5;1;M6132;1980;2040;x ♯退役
レオン・A・エドニー;60168;USA;1975;1982;1988;2100;1;7;8192;2;0;5;1;L60168;1980;2040;x ♯退役
ブルース・デマーズ;60169;USA;1975;1982;1988;2100;1;6;0;1;0;5;1;L60169;1980;2040;x ♯退役
ジェームズ・R・ホッグ;60170;USA;1975;1982;1988;2100;1;7;2048;2;0;5;1;L60170;1980;2040;x ♯退役
ジョン・J・ヘネシー;60171;USA;1970;1970;1974;2100;1;7;256;2;0;5;0;L60171;1970;2040;x ♯退役
ハロルド・R・アーロン;60172;USA;1970;1977;2100;2100;2;5;256;1;0;5;0;L60172;1970;2040;x
ロバート・B・エイブラムス;60173;USA;2000;2004;2100;2100;2;6;128;1;0;5;0;L60173;2000;2040;x
ジェームズ・B・アダムソン;60174;USA;1967;2100;2100;2100;3;5;0;1;0;5;0;L60174;1967;2040;x ♯退役
ジェームズ・アドキンス;60175;USA;1993;2100;2100;2100;3;5;0;1;0;5;0;L60175;1993;2040;x
アルフレッド・F・アーナー;60176;USA;1972;2100;2100;2100;3;5;2;1;0;5;0;L60176;1972;2040;x ♯退役
ジョン・D・アルテンバーグ Jr.;60177;USA;1970;2100;2100;2100;3;5;256;1;0;5;0;L60177;1970;2040;x ♯退役
ハーバート・L・アルトシュラー;60178;USA;2000;2100;2100;2100;3;5;256;1;0;5;0;L60178;2000;2040;x
マーシャ・アンダーソン;60179;USA;2011;2100;2100;2100;3;5;0;1;0;5;0;L60179;2011;2040;x
マーク・E・アンダーソン;60180;USA;2003;2100;2100;2100;3;5;1;1;0;5;0;L60180;2003;2040;x
トバート・アーター;60181;USA;1973;1983;2100;2100;2;6;256;2;0;5;0;L60181;1973;2040;x ♯退役
エドワード・D・バカ;60182;USA;1979;1994;2100;2100;2;6;2;1;0;5;0;L60182;1979;2040;x ♯退役
リック・バッカス;60183;USA;2002;2100;2100;2100;3;6;2;1;0;5;0;L60183;2002;2040;x ♯退役
ジョン・C・バーンセン Jr.;60184;USA;1976;2100;2100;2100;3;6;132;2;0;5;0;L60184;1976;2040;x ♯退役
チャールズ・R・ベイリー;60185;USA;2011;2100;2100;2100;3;3;0;0;0;5;0;L60185;2011;2040;x
ミルドレッド・I・C・ベイリー;60186;USA;1971;2100;2100;2100;3;3;1;0;0;5;0;L60186;1971;2040;x ♯退役
ジョン・L・バランタイン3世;60187;USA;1983;1988;2100;2100;3;6;0;1;0;5;0;L60187;1983;2040;x ♯退役
ジョー・N・バラード;60188;USA;1991;1996;2100;2100;2;6;32;1;0;5;0;L60188;1991;2040;x ♯退役
マイケル・D・バーベロ;60189;USA;1995;2003;2100;2100;2;7;260;2;0;5;0;L60189;1995;2040;x
エルドン・A・バージェウェル;60190;USA;1995;2100;2100;2100;3;5;0;1;0;5;0;L60190;1995;2040;x
デイヴィッド・W・バーノ;60191;USA;1995;2003;2100;2100;2;7;4;2;0;5;0;L60191;1995;2040;x ♯退役
ジョン・バティスト;60192;USA;1997;2100;2100;2100;3;5;128;1;0;5;0;L60192;1997;2040;x ♯退役
ジュリアス・W・ベクトン Jr.;60193;USA;1970;1978;2100;2100;2;6;0;2;0;5;0;L60193;1970;2040;x ♯退役
シドニー・ブライアン・ベリー;60194;USA;1974;1977;2100;2100;2;6;0;1;0;5;0;L60194;1974;2040;x ♯退役
リード・K・ベヴェリッジ;60195;USA;1975;2100;2100;2100;3;5;2;1;0;5;0;L60195;1975;2040;x ♯退役
ウィリアム・C・ビロ;60196;USA;1993;2100;2100;2100;3;5;64;1;0;5;0;L60196;1993;2040;x ♯退役
スコット・C・ブラック;60197;USA;1990;2008;2100;2100;2;5;0;1;0;5;0;L60197;1990;2040;x ♯退役
ジェームズ・G・ブラニー;60198;USA;1997;2100;2100;2100;3;5;0;1;0;5;0;L60198;1997;2040;x ♯退役
H・スティーヴン・ブラム;60199;USA;1995;2003;2100;2100;2;6;2;1;0;5;0;L60199;1995;2040;x ♯退役
ダニエル・P・ボルジャー;60200;USA;2000;2010;2100;2100;2;6;16;1;0;5;0;L60200;2000;2040;x
トーマス・P・ボスティック;60201;USA;2005;2012;2100;2100;2;6;32;1;0;5;0;L60200;2005;2040;x
ケネス・ボウラ;60202;USA;1992;2100;2100;2100;3;6;260;2;0;5;0;L60201;1992;2040;x ♯退役
ウィリアム・G・ボイキン;60203;USA;1998;2003;2100;2100;2;6;128;2;0;5;0;L60202;1998;2040;x ♯退役
ピーター・J・ボイラン;60204;USA;1983;2100;2100;2100;3;5;0;1;0;5;0;L60203;1983;2040;x ♯退役
パトリック・ヘンリー・ブレディ;60205;USA;1980;2100;2100;2100;3;5;0;0;0;5;0;L60204;1980;2040;x ♯退役
ジョン・N・ブランデンバーグ;60206;USA;1978;1980;2100;2100;2;6;256;1;0;5;0;L60205;1978;2040;x ♯退役
ウィリアム・H・ブランデンバーグ;60207;USA;1998;2100;2100;2100;3;5;4;1;0;5;0;L60206;1998;2040;x ♯退役
ジョセフ・K・ブラットン;60208;USA;1972;1980;2100;2100;2;6;32;1;0;5;0;L60207;1972;2040;x ♯退役
ハワード・B・ブロムバーグ;60209;USA;1995;2010;2100;2100;2;6;2;1;0;5;0;L60208;1995;2040;x
レオ・A・ブルックス Jr.;60210;USA;2001;2100;2100;2100;3;5;256;1;0;5;0;L60210;2001;2040;x
レオ・A・ブルックス Sr.;60211;USA;1980;2100;2100;2100;3;5;0;1;0;5;0;L60211;1980;2040;x
ジョン・M・ブラウン3世;60212;USA;1995;2004;2100;2100;2;6;4;1;0;5;0;L60212;1995;2040;x
ジョン・S・ブラウン;60213;USA;1998;2100;2100;2100;3;5;4;1;0;5;0;L60213;1998;2040;x ♯退役
ロバート・マーク・ブラウン;60214;USA;2005;2100;2100;2100;3;5;1;1;0;5;0;L60214;2005;2040;x
アルバート・ブライアント Jr.;60215;USA;1998;2100;2100;2100;3;6;128;2;0;5;0;L60215;1998;2040;x ♯退役
ピーター・G・バーブルーズ;60216;USA;1973;1982;2100;2100;2;6;1;1;0;5;0;L60216;1973;2040;x ♯退役
ドナルド・バーディック;60217;USA;1983;2100;2100;2100;3;5;64;1;0;5;0;L60217;1983;2040;x ♯退役
ロナルド・L・バージェス Jr.;60218;USA;1995;2009;2100;2100;2;6;16;1;0;5;0;L60218;1995;2040;x ♯退役
ロゼッタ・Y・バーク;60219;USA;1992;2100;2100;2100;3;5;0;0;0;5;0;L60219;1992;2040;x ♯退役
シェリアン・G・カドリア;60220;USA;1980;2100;2100;2100;3;5;0;0;0;5;0;L60220;1980;2040;x ♯退役
ウィリアム・B・コールドウェル;60221;USA;2001;2007;2100;2100;2;7;4;2;0;5;0;L60221;2001;2040;x ♯退役
ウィリアム・B・コールドウェル3世;60222;USA;1969;1978;2100;2100;2;6;2;1;0;5;0;L60222;1980;2040;x ♯退役
ドナルド・M・キャンベル Jr.;60223;USA;2004;2011;2100;2100;2;6;128;1;0;5;0;L60223;2004;2040;x
ジェームズ・L・キャンベル;60224;USA;1993;2002;2100;2100;2;6;256;1;0;5;0;L60224;1993;2040;x ♯退役
ケヴィン・T・キャンベル;60225;USA;2000;2005;2100;2100;2;6;64;1;0;5;0;L60225;1980;2040;x
マイケル・A・カナヴァン;60226;USA;1990;2000;2100;2100;2;5;2;1;0;5;0;L60226;1990;2040;x ♯退役
ジェセフ・カラヴォルホ Jr.;60227;USA;2000;2100;2100;2100;3;4;0;0;0;5;0;L60227;2000;2040;x
ドミニク・A・カリーロ;60228;USA;2009;2100;2100;2100;3;5;2;1;0;5;0;L60228;2009;2040;x
ウィリアム・S・カーペンター;60229;USA;1970;1980;2100;2100;2;6;256;1;0;5;0;L60229;1970;2040;x ♯退役
レイモンド・W・カーペンター;60230;USA;2003;2100;2100;2100;3;5;32;1;0;5;0;L60230;2003;2040;x ♯退役
リチャード・カー;60231;USA;1976;2100;2100;2100;3;4;0;0;0;5;2;L60230;1976;2040;x ♯退役
ジョセフ・C・カーター;60232;USA;2007;2100;2100;2100;3;5;2;0;0;5;0;L60231;2007;2040;x ♯退役
ダグラス・L・カーヴァー;60233;USA;2005;2100;2100;2100;3;4;0;0;0;5;0;L60232;2005;2040;x ♯退役
ロバート・L・カスレン;60234;USA;2000;2010;2100;2100;2;6;256;2;0;5;0;L60233;2000;2040;x
カルメン・J・カヴェザ;60235;USA;1980;1990;2100;2100;2;5;256;1;0;5;0;L60234;1980;2040;x ♯退役
カルロス・フェルナンド・シャルドン;60236;USA;1973;2100;2100;2100;3;5;2;0;0;5;0;L60235;1973;2040;x ♯退役
ダナ・K・チップマン;60237;USA;1999;2009;2100;2100;2;6;0;1;0;5;0;L60236;1999;2040;x ♯退役
ダニエル・W・クリストマン;60238;USA;1984;1996;2100;2100;2;6;32;1;0;5;0;L60237;1984;2040;x ♯退役
フランク・A・キポリア;60239;USA;2004;2100;2100;2100;3;5;0;0;0;5;0;L60238;2004;2040;x ♯退役
ロバート・T・クラーク;60240;USA;1990;2000;2100;2100;2;6;256;1;0;5;0;L60240;1990;2040;x ♯退役
メアリー・E・クラーク;60241;USA;1980;2100;2100;2100;3;4;1;0;0;5;0;L60241;1975;2040;x ♯退役
ジョセフ・M・コスマノ;60242;USA;2000;2003;2100;2100;2;5;0;1;0;5;0;L60242;2000;2040;x
ジェシー・R・クロス;60243;USA;2005;2100;2100;2100;3;5;1;1;0;5;0;L60243;2005;2040;x
ハワード・G・クローウェル Jr.;60244;USA;1975;1985;2100;2100;2;6;0;1;0;5;0;L60244;1975;2040;x ♯退役
アンソニー・クコロ;60245;USA;2004;2100;2100;2100;3;5;256;1;0;5;0;L60245;2004;2040;x
ウィリアム・A・クゴノ;60246;USA;1997;2100;2100;2100;3;5;1;1;0;5;0;L60246;1997;2040;x ♯退役
ジェームズ・P・クレン;60247;USA;2000;2100;2100;2100;3;4;0;0;0;5;0;L60247;2000;2040;x ♯退役
ジョン・H・クッシュマン;60248;USA;1972;1976;2100;2100;2;5;256;1;0;5;0;L60248;1972;2040;x ♯退役
ジョン・M・カスター3世;60249;USA;2005;2100;2100;2100;3;5;16;0;0;5;0;L60249;2005;2040;x
エリオット・C・カスター Jr.;60250;USA;1980;2100;2100;2100;3;5;16;1;0;5;0;L60250;1970;2040;x ♯退役
ジェームズ・P・デイリー;60251;USA;1980;2100;2100;2100;3;5;2;1;0;5;0;L60251;2001;2040;x ♯退役
ジョン・R・ダラウージョ Jr.;60252;USA;1987;2100;2100;2100;3;5;2;1;0;5;0;L60252;1987;2040;x ♯退役
フローラ・D・ダルピーノ;60253;USA;2005;2010;2100;2100;2;4;0;0;0;5;0;L60253;2005;2040;x
ブレット・D・ドーアティ;60254;USA;2008;2100;2100;2100;3;5;2;0;0;5;0;L60254;2008;2040;x
フィリップ・B・ダヴィッドソン Jr.;60255;USA;1967;1972;2100;2100;2;6;16;1;0;5;0;L60255;1967;2040;x ♯退役
フランクリン・M・デイヴィス Jr.;60256;USA;1968;2100;2100;2100;3;5;0;1;0;5;0;L60256;1968;2040;x ♯退役
ピーク・M・ドーキンス;60257;USA;1973;2100;2100;2100;3;5;256;1;0;5;0;L60257;1973;2040;x ♯退役
キース・W・デイトン;60258;USA;1998;2005;2100;2100;2;6;64;1;0;5;0;L60258;1998;2040;x ♯退役
ジョセフ・G・デ・ポール;60259;USA;2006;2100;2100;2100;3;5;0;1;0;5;0;L60259;2006;2040;x
リチャード・D・ディーン;60260;USA;1983;2100;2100;2100;3;5;96;1;0;5;0;L60260;1983;2040;x ♯退役
マイルズ・L・ディーリング;60261;USA;2005;2100;2100;2100;3;5;0;1;0;5;0;L60261;2005;2040;x
ロバート・F・ディース;60262;USA;1990;2100;2100;2100;3;5;0;0;0;5;0;L60262;1990;2040;x ♯退役
ケリー・G・デンソン;60263;USA;2000;2100;2100;2100;3;5;0;0;0;5;0;L60263;2000;2040;x ♯退役
ウィリアム・ロバートソン・デソブリー;60264;USA;1965;1968;2100;2100;2;7;128;2;0;5;0;L60264;1965;2040;x ♯退役
エミリオ・ディアス・コロン;60265;USA;1992;2100;2100;2100;3;5;2;1;0;5;0;L60265;1992;2040;x ♯退役
オリヴァー・W・ディラード;60266;USA;1972;2100;2100;2100;3;6;4;1;0;5;0;L60266;1972;2040;x ♯退役
ヘンリー・ドクター Jr.;60267;USA;1990;2000;2100;2100;2;6;0;1;0;5;0;L60267;1990;2040;x
ラリー・J・ドッゲン;60268;USA;1996;2003;2100;2100;2;6;2;1;0;5;0;L60268;1996;2040;x ♯退役
ウェルボーン・G・ドルヴィン;60269;USA;1961;1971;2100;2100;2;6;128;1;0;5;0;L60269;1961;2040;x ♯退役
ジェームズ・L・ドージア;60270;USA;1980;2100;2100;2100;3;5;128;1;0;5;0;L60270;1980;2040;x ♯退役
トーマス・W・ダン;60271;USA;1960;1970;2100;2100;2;6;64;1;0;5;0;L60271;1960;2040;x ♯亡命しようとして解雇
ポール・D・イートン;60272;USA;2000;2100;2100;2100;3;6;4;1;0;5;0;L60272;2000;2040;x ♯退役
マリ・K・エダー;60273;USA;2000;2100;2100;2100;3;5;0;0;0;5;0;L60273;2000;2040;x ♯退役
チャールズ・B・アイケルバーガー;60274;USA;1980;1985;2100;2100;3;5;16;1;0;5;0;L60274;1980;2040;x ♯退役
カール・W・アイケンベリー;60275;USA;2000;2005;2100;2100;2;6;4;1;0;5;0;L60275;2000;2040;x ♯退役
ノリス・L・アイナートソン;60276;USA;1980;2100;2100;2100;3;4;0;0;0;5;0;L60276;1980;2040;x ♯退役
ジョン・アイゼンハワー;60277;USA;1963;2100;2100;2100;3;5;0;1;0;5;0;L60277;1963;2040;x ♯退役
ヘンリー・E・エマーソン;60278;USA;1970;1970;2100;2100;2;7;260;2;0;5;0;L60278;1970;2040;x ♯退役
ロバート・リーヒー・フェア;60279;USA;1970;1975;2100;2100;2;6;8;2;0;5;0;L60279;1970;2040;x ♯退役
ケネス・L・ファーマー Jr.;60280;USA;2004;2100;2100;2100;3;4;0;0;0;5;0;L60280;2004;2040;x
バーバラ・ファスト;60281;USA;1995;2100;2100;2100;3;5;0;0;0;5;0;L60281;1995;2040;x ♯退役
ジョージ・フェイ;60282;USA;2000;2100;2100;2100;3;5;0;0;0;5;0;L60282;2000;2040;x ♯退役
マイケル・フェリター;60283;USA;2005;2011;2100;2100;3;6;256;2;0;5;0;L60283;2005;2040;x
ジョセフ・F・フィル Jr.;60284;USA;2000;2008;2100;2100;2;6;4;1;0;5;0;L60284;2000;2040;x ♯退役
マイケル・C・フラワーズ;60285;USA;2005;2100;2100;2100;3;5;256;1;0;5;0;L60285;2005;2040;x
ロバート・B・フラワーズ;60286;USA;2000;2005;2100;2100;2;6;288;1;0;5;0;L60286;2000;2040;x
マイケル・T・フリン;60287;USA;2002;2010;2100;2100;2;6;16;1;0;5;0;L60287;2002;2040;x ♯退役
ロバート・F・フォーリー;60288;USA;1990;1998;2100;2100;2;6;0;2;0;5;0;L60288;1990;2040;x ♯退役
パット・フット;60289;USA;1986;2100;2100;2100;3;4;0;0;0;5;0;L60289;1986;2040;x ♯退役
ジョン・F・フォレスト;60290;USA;1971;1979;2100;2100;2;6;4;1;0;5;0;L60290;1971;2040;x ♯退役
ヒュー・F・フォスター Jr.;60291;USA;1970;2100;2100;2100;3;5;0;0;0;5;0;L60291;1970;2040;x ♯退役
スティーヴン・E・フォスター;60292;USA;2000;2100;2100;2100;3;5;0;1;0;5;2;L60292;2000;2040;x
ウォルター・E・ファウンティン;60293;USA;2011;2100;2100;2100;3;5;2;1;0;5;0;L60293;2011;2040;x
デイヴィッド・G・フォックス;60294;USA;2010;2100;2100;2100;3;6;4;1;0;5;0;L60294;2010;2040;x
ベンジャミン・C・フリークレー;60295;USA;2003;2005;2100;2100;2;6;256;1;0;5;0;L60295;2003;2040;x ♯退役
カール・H・フリーマン;60296;USA;1990;2100;2100;2100;3;5;257;1;0;5;0;L60296;1990;2040;x ♯退役
デイヴィッド・P・フリドヴィッチ;60297;USA;2005;2011;2100;2100;2;6;16;1;0;5;0;L60297;2005;2040;x ♯退役
キャサリン・G・フロスト;60298;USA;2000;2100;2100;2100;3;4;0;0;0;5;0;L60298;2000;2040;x ♯退役
マルコム・B・フロスト;60299;USA;2011;2100;2100;2100;3;6;256;1;0;5;0;L60299;2011;2040;x
ジョン・L・ヒュー;60300;USA;1984;2100;2100;2100;3;4;0;0;0;5;0;L60300;1984;2040;x ♯退役
キャスリーン・M・ゲイニー;60301;USA;2000;2010;2100;2100;2;5;1;0;0;5;0;L60301;2000;2040;x
ロバート・G・ガード Jr.;60302;USA;1970;1980;2100;2100;2;5;2;1;0;5;0;L60302;1970;2040;x ♯退役
ジョン・D・ガードナー;60303;USA;1995;2005;2100;2100;2;6;0;1;0;5;0;L60303;1995;2040;x ♯退役
ジェイ・M・ガーナー;60304;USA;1980;1990;2100;2100;2;6;2;1;0;5;0;L60304;1980;2040;x ♯退役
ウィリアム・B・ギャレット3世;60305;USA;2005;2012;2100;2100;2;6;256;1;0;5;0;L60305;2005;2040;x
ウィリアム・F・ギャリソン;60306;USA;1985;2100;2100;2100;3;6;20;1;0;5;0;L60306;1985;2040;x ♯退役
デイヴィッド・W・ゲイ;60307;USA;1992;2100;2100;2100;3;5;64;0;0;5;0;L60307;1992;2040;x ♯退役
ジェームズ・K・ギルマン;60308;USA;2000;2100;2100;2100;3;4;0;0;0;5;0;L60308;2000;2040;x ♯退役
ダニエル・O・グラハム;60309;USA;1975;1980;2100;2100;2;5;0;1;0;5;0;L60309;1975;2040;x
デイヴィッド・E・グンラジ Jr.;60310;USA;1970;1979;2100;2100;2;6;256;2;0;5;0;L60310;1970;2040;x ♯退役
デイヴィッド・L・グランジ;60311;USA;1990;2100;2100;2100;3;5;4;1;0;5;0;L60311;1990;2040;x ♯退役
アーネスト・グレイブス Jr.;60312;USA;1970;1978;2100;2100;2;5;0;0;0;5;0;L60312;1970;2040;x ♯退役
ハワード・D・グレイブス;60313;USA;1982;1987;2100;2100;2;6;32;1;0;5;0;L60313;1982;2040;x ♯退役
フランシス・S・グリーンリーフ;60314;USA;1963;2100;2100;2100;3;5;2;1;0;5;0;L60314;1963;2040;x ♯退役
ウィリアム・C・グリブル Jr.;60315;USA;1960;1970;2100;2100;2;6;32;1;0;5;0;L60315;1960;2040;x ♯退役
ジェームズ・A・グリムスリー Jr.;60316;USA;1970;2100;2100;2100;3;5;128;1;0;5;0;L60316;1970;2040;x ♯退役
ゲイロード・T・ガンハス;60317;USA;1990;2100;2100;2100;3;4;0;0;0;5;0;L60317;1990;2040;x ♯退役
ハーヴェイ・M・マーケンソン;60318;USA;1990;2100;2100;2100;3;5;2;0;0;5;0;L60318;1990;2040;x ♯退役
ジェローム・A・ハベレク;60319;USA;1995;2100;2100;2100;3;4;0;0;0;5;0;L60319;1995;2040;x ♯退役
フランクリン・L・ハーゲンベック;60320;USA;2001;2005;2100;2100;3;5;256;1;0;5;0;L60320;2001;2040;x ♯退役
レベッカ・S・ハルステッド;60321;USA;2005;2100;2100;2100;3;5;1;0;0;5;0;L60321;2005;2040;x ♯退役
デイヴィッド・D・ハルヴァーソン;60322;USA;2005;2010;2100;2100;2;6;64;1;0;5;0;L60322;2005;2040;x
マーク・R・ハミルトン;60323;USA;1990;2100;2100;2100;3;5;0;0;0;5;0;L60323;1990;2040;x ♯退役
ジェフリー・W・ハモンド;60324;USA;2003;2100;2100;2100;3;5;64;1;0;5;0;L60324;2003;2040;x ♯退役
ジョン・C・ハンレー;60325;USA;2008;2100;2100;2100;3;5;64;1;0;5;0;L60325;2008;2040;x
ロドニー・R・ハヌラ;60326;USA;1995;2100;2100;2100;3;5;0;0;0;5;0;L60326;1995;2040;x ♯退役
ベンジャミン・L・ハリソン;60327;USA;1984;2100;2100;2100;3;6;16;2;0;5;0;L60327;1973;2040;x ♯退役
ウィリアム・ハーディン・ハリソン;60328;USA;1980;1987;2100;2100;2;5;0;1;0;5;0;L60328;1980;2040;x ♯退役
ヘンリー・J・ハッチ;60329;USA;1981;1988;2100;2100;2;6;32;1;0;5;0;L60329;1981;2040;x ♯退役
トーマス・F・ヒーリー Jr.;60330;USA;1980;1990;2100;2100;2;5;128;1;0;5;0;L60330;1980;2040;x ♯退役
エルヴィン・R・ハイバーグ3世;60331;USA;1978;1984;2100;2100;2;6;32;1;0;5;0;L60331;1978;2040;x ♯退役
ローランド・V・ハイザー;60332;USA;1970;1975;2100;2100;2;5;0;1;0;5;0;L60332;1970;2040;x ♯退役
フランク・ヘルミック;60333;USA;2003;2008;2100;2100;2;6;256;1;0;5;0;L60333;2003;2040;x ♯退役
ジェームズ・R・ヘルムリー;60334;USA;1995;2002;2100;2100;2;5;0;1;0;5;0;L60334;1995;2040;x ♯退役
レット・A・ヘルナンデス;60335;USA;2003;2010;2100;2100;2;6;64;1;0;5;0;L60335;2003;2040;x ♯退役
パトリック・J・ヘッセ;60336;USA;1979;2100;2100;2100;3;3;0;0;0;5;0;L60336;1979;2040;x ♯退役
デイヴィッド・H・ヒックス;60337;USA;1999;2100;2100;2100;3;3;0;0;0;5;0;L60337;1999;2040;x ♯退役
テレンス・J・ヒルドナー;60338;USA;2007;2100;2100;2100;3;5;1;1;0;5;0;L60338;2007;2040;x
チャールズ・A・ハインズ;60339;USA;1989;2100;2100;2100;3;5;2;1;0;5;0;L60339;1989;2040;x ♯退役
ジェームズ・L・ホッジ;60340;USA;2003;2100;2100;2100;3;5;1;1;0;5;0;L60340;2003;2040;x ♯退役
ケネス・J・ホドソン;60341;USA;1972;2100;2100;2100;3;5;32;1;0;5;0;L60341;1972;2040;x ♯退役
デイヴィッド・R・ホッグ;60342;USA;2005;2010;2100;2100;2;6;256;1;0;5;0;L60342;2005;2040;x
ジェームズ・W・ホールシンガー;60343;USA;1985;2100;2100;2100;3;3;0;0;0;5;0;L60343;1985;2040;x ♯退役
ラッセル・L・ホノレ;60344;USA;1995;2005;2100;2100;2;6;2;1;0;5;0;L60344;1984;2040;x ♯退役
ジェイ・W・フッド;60345;USA;2004;2100;2100;2100;3;5;64;1;0;5;0;L60345;2004;2040;x ♯退役
パトリシア・D・ホロホ;60346;USA;2004;2010;2100;2100;2;3;0;0;0;5;0;L60346;2004;2040;x
ラッセル・D・ハワード;60347;USA;1995;2100;2100;2100;3;5;16;1;0;5;0;L60347;1995;2040;x ♯退役
ウォルター・B・ハフマン;60348;USA;1997;2100;2100;2100;3;4;0;0;0;5;0;L60348;1997;2040;x ♯退役
パトリック・L・ヒューズ;60349;USA;1990;1996;2100;2100;2;6;16;1;0;5;0;L60349;1990;2040;x ♯退役
デイヴィッド・H・ハントーン Jr.;60350;USA;2000;2010;2100;2100;2;6;0;1;0;5;0;L60350;2000;2040;x ♯退役
ゲルハート・W・ハイアット;60351;USA;1970;2100;2100;2100;3;3;0;0;0;5;0;L60351;1970;2040;x ♯退役
ジョセフ・R・インゲ;60352;USA;1995;2004;2100;2100;2;6;128;1;0;5;0;L60352;1995;2040;x ♯退役
ウィリアム・E・イングラム Jr.;60353;USA;2001;2011;2100;2100;2;6;2;1;0;5;0;L60353;2001;2040;x ♯退役
ガレン・B・ジャックマン;60354;USA;2001;2100;2100;2100;3;5;4;1;0;5;0;L60354;2001;2040;x ♯退役
ジェセフ・R・ジェリネク;60355;USA;1973;2100;2100;2100;3;5;2;0;0;5;0;L60355;1973;2040;x ♯退役
ハル・B・ジェニングス;60356;USA;1970;1970;2100;2100;2;4;0;0;0;5;0;L60356;1970;2040;x ♯退役
ジョン・スタンフォード;60357;USA;1985;2100;2100;2100;3;5;0;1;0;5;0;L60357;1985;2040;x ♯退役
ディーン・E・ジョンソン;60358;USA;1970;2100;2100;2100;3;3;0;0;0;5;0;L60358;1970;2040;x ♯退役
ジョン・D・ジョンソン;60359;USA;2006;2010;2100;2100;2;6;4;1;0;5;0;L60359;2006;2040;x
カーミットD・ジョンソン;60360;USA;1978;2100;2100;2100;3;3;0;0;0;5;0;L60360;1978;2040;x ♯退役
ロドニー・L・ジョンソン;60361;USA;2004;2100;2100;2100;3;5;0;1;0;5;0;L60361;2004;2040;x ♯退役
ヘーゼル・W・ジョンソン＝ブラウン;60362;USA;1976;2100;2100;2100;3;3;0;0;0;5;0;L60362;1976;2040;x ♯退役
アンソニー・R・ジョーンズ;60363;USA;1995;2000;2100;2100;2;6;0;1;0;5;0;L60363;1995;2040;x ♯退役
ルーベン・D・ジョーンズ;60364;USA;2004;2100;2100;2100;3;5;0;1;0;5;0;L60364;2004;2040;x ♯退役
アモス・A・ジョーダン;60365;USA;1980;2100;2100;2100;3;4;0;0;0;5;0;L60365;1980;2040;x ♯退役
ジョイス・L・スティーヴンス;60366;USA;2006;2100;2100;2100;3;5;0;1;0;5;0;L60366;2006;2040;x
ジョセフ・C・ジョイス;60367;USA;1980;2100;2100;2100;3;4;0;0;0;5;0;L60367;1980;2040;x ♯退役
ニコラス・D・ジャスティス;60368;USA;2002;2100;2100;2100;3;5;16;1;0;5;0;L60368;2002;2040;x ♯退役
ティモシー・J・カダヴィ;60369;USA;2009;2100;2100;2100;3;5;2;1;0;5;0;L60369;2009;2040;x
ジェームズ・G・カレルギーズ;60370;USA;1970;1970;2100;2100;2;6;129;2;0;5;0;L60370;1970;2040;x ♯退役
オリス・E・ケリー;60371;USA;1970;2100;2100;2100;3;3;0;0;0;5;0;L60371;1970;2040;x ♯退役
クラウディア・J・ケネディ;60372;USA;1990;1997;2100;2100;2;6;2;1;0;5;0;L60372;1990;2040;x ♯退役
ティモシー・M・ケネディ;60373;USA;1980;2100;2100;2100;3;5;0;0;0;5;0;L60373;1980;2040;x ♯退役
クロード・M・キックリングター;60374;USA;1981;1990;2100;2100;2;5;0;0;0;5;0;L60374;1981;2040;x ♯退役
ケヴィン・C・カイリー;60375;USA;2002;2004;2100;2100;2;3;0;0;0;5;0;L60375;2002;2040;x ♯退役
マーク・T・キミット;60376;USA;1997;2003;2100;2100;3;5;64;1;0;5;0;L60376;1997;2040;x ♯退役
ロバート・M・キミット;60377;USA;1994;2100;2100;2100;3;5;256;1;0;5;0;L60377;1994;2040;x ♯退役
ジョン・F・キモンズ;60378;USA;1999;2005;2100;2100;2;6;16;1;0;5;0;L60378;1999;2040;x ♯退役
ケネス・A・クーン;60379;USA;2005;2100;2100;2100;3;5;0;0;0;5;0;L60379;2005;2040;x
ニコラス・S・H・クラウチウ;60380;USA;1984;2100;2100;2100;3;5;128;1;0;5;0;L60380;1984;2040;x ♯退役
ジェームズ・A・クルーク;60381;USA;1990;2100;2100;2100;3;5;0;0;0;5;0;L60381;1990;2040;x ♯退役
ダニエル・M・クルムレイ;60382;USA;1995;2100;2100;2100;3;3;0;0;0;5;0;L60382;1995;2040;x ♯退役
ポール・J・ラカメラ;60383;USA;2007;2100;2100;2100;3;5;4;1;0;5;0;L60383;2007;2040;x
ロジャー・A・ラリッチ;60384;USA;2000;2100;2100;2100;3;3;0;0;0;5;0;L60384;2000;2040;x ♯退役
ベネット・C・ランドレノー;60385;USA;2000;2100;2100;2100;3;5;32;1;0;5;0;L60385;2000;2040;x ♯退役
ジョン・デイヴィッド・ラーソン;60386;USA;1995;2100;2100;2100;3;4;0;0;0;5;0;L60386;1995;2040;x ♯退役
ブルース・M・ロウラー;60387;USA;1984;2100;2100;2100;3;5;128;1;0;5;0;L60387;1997;2040;x ♯退役
メアリー・A・レジェール;60388;USA;2004;2012;2100;2100;2;5;16;1;0;5;0;L60388;2004;2040;x
スコット・D・レグウォルド;60389;USA;2010;2100;2100;2100;3;5;0;0;0;5;0;L60389;2010;2040;x
ジョン・S・レクソン;60390;USA;1970;2100;2100;2100;3;5;256;1;0;5;0;L60390;1970;2040;x ♯退役
ジョン・M・レモイン;60391;USA;1995;2000;2100;2100;2;5;0;1;0;5;0;L60391;1995;2040;x ♯退役
ウィリアム・J・レノックス Jr.;60392;USA;1995;2001;2100;2100;2;6;64;1;0;5;0;L60392;1995;2040;x ♯退役
グレン・J・レスニアク;60393;USA;1984;2100;2100;2100;3;5;1;1;0;5;0;L60393;2008;2040;x
レスター・メルティネス・ロペス;60394;USA;1998;2100;2100;2100;3;3;0;0;0;5;0;L60394;1998;2040;x ♯退役
ジェームズ・J・ラブレース;60395;USA;1996;2002;2100;2100;2;6;64;1;0;5;0;L60395;1996;2040;x ♯退役
ダグラス・E・リュート;60396;USA;2001;2006;2100;2100;2;6;4;2;0;5;0;L60396;2001;2040;x ♯退役
アラン・R・リン;60397;USA;2008;2100;2100;2100;3;5;2;1;0;5;0;L60397;2008;2040;x
ジャッド・H・ライオンズ;60398;USA;2010;2100;2100;2100;3;5;130;1;0;5;0;L60398;2010;2040;x
ジョージ・L・マブリー Jr.;60399;USA;1970;2100;2100;2100;3;5;4;1;0;5;0;L60399;1970;2040;x ♯退役
デイヴィッド・A・マケウェン;60400;USA;2010;2100;2100;2100;3;5;0;1;0;5;0;L60400;2010;2040;x
ハワード・S・マギー;60401;USA;1970;2100;2100;2100;3;5;2;1;0;5;0;L60401;1970;2040;x ♯退役
タデウス・F・マラノフスキ;60402;USA;1970;2100;2100;2100;3;3;0;0;0;5;0;L60402;1970;2040;x ♯退役
ロナルド・S・マンガム;60403;USA;1995;2100;2100;2100;3;5;230;1;0;5;0;L60403;1995;2040;x ♯退役
マイケル・D・メイプルズ;60404;USA;2001;2005;2100;2100;3;6;64;1;0;5;0;L60404;2001;2040;x ♯退役
ウィリアム・ミランダ・マリン;60405;USA;1985;2100;2100;2100;3;5;2;0;0;5;0;L60405;1985;2040;x ♯退役
シドニー・M・マークス;60406;USA;1970;2100;2100;2100;3;5;256;1;0;5;0;L60406;1970;2040;x ♯退役
マーク・S・マルティンス;60407;USA;2010;2100;2100;2100;3;5;0;0;0;5;0;L60407;2010;2040;x
ティモシー・J・モーデ;60408;USA;1991;2000;2100;2100;2;5;0;1;0;5;0;L60408;1991;2040;x
マーク・A・マカリスター;60409;USA;2009;2100;2100;2100;3;5;257;1;0;5;0;L60409;2009;2040;x
ハーバート・J・マクリスタル Jr.;60410;USA;1970;2100;2100;2100;3;5;0;0;0;5;0;L60410;1970;2040;x ♯退役
チャールズ・J・マクドネル;60411;USA;1986;2100;2100;2100;3;3;0;0;0;5;0;L60411;1986;2040;x ♯退役
コリーン・L・マクガイア;60412;USA;2009;2100;2100;2100;3;3;0;0;0;5;0;L60412;2009;2040;x ♯退役
ジョン・P・マクラーレン;60413;USA;2001;2100;2100;2100;3;5;0;1;0;5;0;L60413;2001;2040;x ♯退役
ハーバート・R・マクマスター;60414;USA;2006;2100;2100;2100;3;6;4;2;0;5;0;L60414;2006;2040;x
アドルフ・マックイーン;60415;USA;2005;2100;2100;2100;3;5;1;1;0;5;0;L60415;2005;2040;x ♯退役
エンリケ・メンデス Jr.;60416;USA;1975;2100;2100;2100;3;3;0;0;0;5;0;L60416;1975;2040;x ♯退役
ポール・E・メノハー;60417;USA;1989;1995;2100;2100;2;5;16;1;0;5;0;L60417;1989;2040;x ♯退役
トーマス・F・メッツ;60418;USA;1995;2003;2100;2100;2;6;4;2;0;5;0;L60418;1995;2040;x ♯退役
ジェフリー・D・ミラー;60419;USA;2000;2100;2100;2100;3;5;16;1;0;5;0;L60419;2000;2040;x ♯退役
ジョニー・R・ミラー;60420;USA;2009;2100;2100;2100;3;5;128;1;0;5;0;L60420;2009;2040;x
トーマス・G・ミラー;60421;USA;2001;2008;2100;2100;2;6;0;1;0;5;0;L60421;2001;2040;x ♯退役
マーク・A・ミレー;60422;USA;2007;2011;2100;2100;3;6;256;1;0;5;0;L60422;2007;2040;x
バーナード・T・ミッテマイアー;60423;USA;1975;1980;2100;2100;2;4;0;0;0;5;0;L60423;1975;2040;x ♯退役
ベンジャミン・R・ミクソン;60424;USA;2002;2008;2100;2100;2;6;256;2;0;5;0;L60424;2002;2040;x ♯退役
バート・K・ミズサワ;60425;USA;2008;2100;2100;2100;3;5;256;1;0;5;0;L60425;2008;2040;x
トーマス・M・モントゴメリー;60426;USA;1985;1992;2100;2100;2;6;128;2;0;5;0;L60426;1985;2040;x ♯退役
ハロルド・G・ムーア Jr.;60427;USA;1970;1974;2100;2100;2;6;4;2;0;5;0;L60427;1970;2040;x ♯退役
デイヴィッド・A・モリス;60428;USA;2005;2100;2100;2100;3;5;256;1;0;5;0;L60428;2005;2040;x
ジョン・W・モリス;60429;USA;1970;1976;2100;2100;2;6;32;1;0;5;0;L60429;1970;2040;x ♯退役
ジョン・F・マルホランド Jr.;60430;USA;2005;2008;2100;2100;2;6;20;2;0;5;0;L60430;2005;2040;x
マイケル・J・ナードッティ Jr.;60431;USA;1990;2100;2100;2100;3;3;0;0;0;5;0;L60431;1990;2040;x ♯退役
リチャード・C・ナッシュ;60432;USA;2000;2100;2100;2100;3;6;2;1;0;5;0;L60432;2000;2040;x
ウィリアム・L・ナッシュ;60433;USA;1990;2100;2100;2100;3;5;128;1;0;5;0;L60433;1990;2040;x ♯退役
ウィリアム・A・ナバス Jr.;60434;USA;1990;2100;2100;2100;3;5;32;1;0;5;0;L60434;1990;2040;x ♯退役
マイケル・D・ナヴルカル;60435;USA;1984;2100;2100;2100;3;5;0;0;0;5;0;L60435;2011;2040;x
スポルジョン・H・ネール Jr.;60436;USA;1970;2100;2100;2100;3;3;0;0;0;5;0;L60436;1970;2040;x ♯退役
ハロルド・J・ネヴィン;60437;USA;1999;2100;2100;2100;3;5;0;0;0;5;0;L60437;1999;2040;x ♯退役
ジョン・W・ニコルソン;60438;USA;1995;2100;2100;2100;3;4;0;0;0;5;0;L60438;1995;2040;x ♯退役
ジョン・W・ニコルソン Jr.;60439;USA;2006;2100;2100;2100;3;5;256;1;0;5;0;L60439;2006;2040;x
ジェームズ・W・ナットル;60440;USA;2001;2100;2100;2100;3;5;2;1;0;5;0;L60440;2001;2040;x ♯退役
マイケル・L・オーツ;60441;USA;2000;2007;2100;2100;2;6;256;1;0;5;0;L60441;2000;2040;x ♯退役
ダグラス・J・オコナー;60442;USA;1978;2100;2100;2100;3;5;256;1;0;5;0;L60442;1978;2040;x ♯退役
ウィリアム・エルドリッジ・オドム;60443;USA;1977;1984;2100;2100;2;5;2;1;0;5;0;L60443;1977;2040;x ♯退役
ラファエル・オフェラール;60444;USA;2008;2100;2100;2100;3;5;2;1;0;5;0;L60444;2008;2040;x
ピーター・ジョージ・オレンチュク;60445;USA;1970;2100;2100;2100;3;3;0;0;0;5;0;L60445;1970;2040;x ♯退役
エルネイド・A・オリヴァ・ゴンザレス;60446;USA;1987;2100;2100;2100;3;6;2;1;0;5;0;L60446;1987;2040;x ♯退役
リチャード・オメーラ;60447;USA;1995;2100;2100;2100;3;4;0;0;0;5;0;L60447;1995;2040;x ♯退役
マルコム・ロス・オニール;60448;USA;1990;1993;2100;2100;2;5;1;0;0;5;0;L60448;1990;2040;x ♯退役
チェールズ・A・オット Jr.;60449;USA;1970;2100;2100;2100;3;5;192;1;0;5;0;L60449;1970;2040;x ♯退役
ポール・トーマス・オット;60450;USA;1995;2100;2100;2100;3;5;0;0;0;5;0;L60450;1995;2040;x ♯退役
アイラ・C・オーウェンズ;60451;USA;1985;1990;2100;2100;2;6;16;1;0;5;0;L60451;1985;2040;x ♯退役
ウィリアム・G・パゴニス;60452;USA;1984;1990;2100;2100;2;6;1;1;0;5;0;L60452;1984;2040;x ♯退役
デイヴ・リチャード・パーマー;60453;USA;1976;1986;2100;2100;2;6;128;2;0;5;0;L60453;1976;2040;x ♯退役
ハロルド・R・パーフィット;60454;USA;1970;2100;2100;2100;3;5;32;1;0;5;0;L60454;1970;2040;x ♯退役
バートン・D・パトリック;60455;USA;1975;1985;2100;2100;2;6;256;1;0;5;0;L60455;1975;2040;x ♯退役
ジョージ・S・パットン4世;60456;USA;1970;2100;2100;2100;3;7;128;2;0;5;0;L60456;1970;2040;x ♯退役
ジェームズ・B・ピーク;60457;USA;1992;2000;2100;2100;2;4;0;0;0;5;0;L60457;1992;2040;x ♯退役
コーラル・ウォン・ピーチ;60458;USA;2002;2100;2100;2100;3;3;0;0;0;5;0;L60458;2002;2040;x ♯退役
ダナ・J・H・ピタード;60459;USA;2006;2100;2100;2100;3;5;128;1;0;5;0;L60459;2006;2040;x
チャールズ・C・ピクスリー;60460;USA;1973;1977;2100;2100;2;3;0;0;0;5;0;L60460;1973;2040;x ♯退役
ゲイル・S・ポロック;60461;USA;2003;2100;2100;2100;3;3;0;0;0;5;0;L60461;2003;2040;x ♯退役
ロジャー・C・プール;60462;USA;1990;2100;2100;2100;3;4;1;0;0;5;0;L60462;1990;2040;x ♯退役
ウィリアム・E・ポッツ;60463;USA;1967;1973;2100;2100;2;6;4;2;0;5;0;L60463;1967;2040;x ♯退役
リー・S・プライス;60464;USA;2005;2100;2100;2100;3;4;0;0;0;5;0;L60464;2005;2040;x ♯退役
レイモンド・F・リース;60465;USA;1988;2100;2100;2100;3;5;4;1;0;5;0;L60465;1988;2040;x ♯退役
エルドン・P・レグア;60466;USA;2003;2100;2100;2100;3;5;16;1;0;5;0;L60466;2003;2040;x
ヴァージル・A・リチャード;60467;USA;1990;2100;2100;2100;3;4;0;0;0;5;0;L60467;1990;2040;x ♯退役
グレン・K・リース;60468;USA;2002;2100;2100;2100;3;5;0;1;0;5;0;L60468;2002;2040;x ♯退役
グレン・K・リース;60469;USA;2002;2100;2100;2100;3;5;16384;1;0;5;2;L60468;2002;2040;x ♯退役
ロブリー・S・リグドン;60470;USA;2000;2100;2100;2100;3;5;0;0;0;5;0;L60470;2000;2040;x ♯退役
ジョン・M・リッグス;60471;USA;1990;2000;2100;2100;2;6;0;1;0;5;0;L60471;1990;2040;x ♯退役
フレッド・D・ロビンソン Jr.;60472;USA;2000;2100;2100;2100;3;5;128;1;0;5;0;L60472;2000;2040;x
マイケル・S・ロシェル;60473;USA;2000;2005;2100;2100;2;6;0;1;0;5;0;L60473;2000;2040;x ♯退役
アントニオア・ロドリゲス・バリナス;60474;USA;1977;2100;2100;2100;3;6;4;1;0;5;0;L60474;1977;2040;x ♯退役
チャールズ・カルバン・ロジャース;60475;USA;1970;2100;2100;2100;3;6;64;1;0;5;0;L60475;1970;2040;x ♯退役
M・コリアー・ロス;60476;USA;1970;1978;2100;2100;2;6;0;1;0;5;0;L60476;1970;2040;x ♯退役
エドワード・L・ロウニー;60477;USA;1970;1970;2100;2100;2;6;32;2;0;5;0;L60477;1970;2040;x ♯退役
ドナルド・L・ラザフォード;60478;USA;2005;2100;2100;2100;3;3;0;0;0;5;0;L60478;2005;2040;x
ジェリー・R・ラザフォード;60479;USA;1988;1992;2100;2100;2;6;128;1;0;5;0;L60479;1988;2040;x ♯退役
マイケル・A・ライアン;60480;USA;2005;2100;2100;2100;3;5;128;1;0;5;0;L60480;2005;2040;x ♯退役
チャールズ・ウォルコット・ライダー Jr.;60481;USA;1970;2100;2100;2100;3;5;1;1;0;5;0;L60481;1970;2040;x ♯退役
ドナルド・J・ライダー;60482;USA;2000;2100;2100;2100;3;4;0;0;0;5;0;L60482;2000;2040;x ♯退役
リカルド・サンチェス;60483;USA;1995;2004;2100;2100;2;6;128;1;0;5;0;L60483;1995;2040;x ♯退役
ガイ・L・サンズ＝ピンゴット;60484;USA;2005;2100;2100;2100;3;5;256;1;0;5;0;L60484;2005;2040;x
ロバート・H・スケールズ Jr.;60485;USA;1990;2100;2100;2100;3;5;64;1;0;5;0;L60485;1990;2040;x ♯退役
ジェフリー・J・シュレーザー;60486;USA;2000;2100;2100;2100;3;5;256;1;0;5;0;L60486;2000;2040;x ♯退役
リチャード・A・ショルテス;60487;USA;1980;2100;2100;2100;3;5;128;1;0;5;0;L60487;1980;2040;x ♯退役
スティーヴン・P・ショック;60488;USA;1997;2100;2100;2100;3;5;4;1;0;5;0;L60488;1997;2040;x ♯退役
エリック・B・シューメーカー;60489;USA;2000;2007;2100;2100;2;4;0;0;0;5;0;L60489;2000;2040;x ♯退役
ロジャー・C・シュルツ;60490;USA;1996;2001;2100;2100;2;6;0;0;0;5;0;L60490;1996;2040;x ♯退役
アンドリュー・M・シュスター;60491;USA;1990;2100;2100;2100;3;5;0;0;0;5;0;L60491;1990;2040;x ♯退役
ウィラード・ウォーレン・スコット Jr.;60492;USA;1970;1980;2100;2100;2;6;0;2;0;5;0;L60492;1970;2040;x ♯退役
ジョージ・M・サイグニオウス;60493;USA;1968;1972;2100;2100;2;6;132;2;0;5;0;L60493;1968;2040;x ♯退役
リチャード・J・サイツ;60494;USA;1970;1970;2100;2100;3;7;256;2;0;5;0;L60494;1970;2040;x ♯退役
シドニー・シャクナウ;60495;USA;1984;2100;2100;2100;3;5;16;1;0;5;0;L60495;1984;2040;x ♯退役
ドナルド・W・シア;60496;USA;1990;2100;2100;2100;3;3;0;0;0;5;0;L60496;1990;2040;x ♯退役
ワイナント・シドル;60497;USA;1970;2100;2100;2100;3;5;0;1;0;5;0;L60497;1970;2040;x ♯退役
ジェフリー・アレン・シンクレア;60498;USA;2010;2100;2100;2100;3;5;256;1;0;5;0;L60498;2010;2040;x
ジョン・K・シングラウブ;60499;USA;1970;2100;2100;2100;3;6;4;1;0;5;0;L60499;1970;2040;x ♯退役
ヘンリー・ジーン・スキーン;60500;USA;1984;2100;2100;2100;3;5;1;1;0;5;0;L60500;1984;2040;x ♯退役
ドナルド・B・スミス;60501;USA;1994;2100;2100;2100;3;5;2;1;0;5;0;L60501;1994;2040;x ♯退役
エドウィン・P・スミス;60502;USA;1993;1998;2100;2100;2;6;0;1;0;5;0;L60502;1993;2040;x ♯退役
アイザック・D・スミス;60503;USA;1990;2100;2100;2100;3;5;0;1;0;5;0;L60503;1990;2040;x ♯退役
タミー・スミス;60504;USA;2012;2100;2100;2100;3;5;0;0;0;5;0;L60504;2012;2040;x
ビリー・K・ソロモン;60505;USA;1990;1995;2100;2100;2;6;1;1;0;5;0;L60505;1990;2040;x ♯退役
エドワード・ソリアーノ;60506;USA;1993;2000;2100;2100;2;6;2;1;0;5;0;L60506;1993;2040;x ♯退役
チャールズ・L・サウスワード;60507;USA;1970;2100;2100;2100;3;5;2;0;0;5;0;L60507;1970;2040;x ♯退役
ハリー・E・ソイスター;60508;USA;1980;1989;2100;2100;2;6;16;1;0;5;0;L60508;1980;2040;x ♯退役
フェリックス・L・スパークス;60509;USA;1968;2100;2100;2100;3;5;0;0;0;5;0;L60509;1968;2040;x ♯退役
マイケル・スピグレマイル;60510;USA;1984;1988;2100;2100;2;6;0;1;0;5;0;L60510;1984;2040;x ♯退役
マイケル・J・スクワイア;60511;USA;1998;2100;2100;2100;3;5;2;1;0;5;0;L60511;1998;2040;x ♯退役
ウィリアム・B・スティール;60512;USA;1974;2100;2100;2100;3;5;0;1;0;5;0;L60512;1974;2040;x ♯退役
ウィリアム・M・スティール;60513;USA;1990;1996;2100;2100;2;6;256;1;0;5;0;L60513;1990;2040;x ♯退役
ジョン・E・スターリング Jr.;60514;USA;2001;2006;2100;2100;2;6;32;1;0;5;0;L60514;2001;2040;x ♯退役
ロバート・L・スチュワート;60515;USA;1982;2100;2100;2100;3;5;0;0;0;5;2;L60515;1982;2040;x ♯退役
ジョージ・R・ストートザー;60516;USA;1980;1985;2100;2100;2;6;0;1;0;5;0;L60516;1980;2040;x ♯退役
カール・A・ストロック;60517;USA;1995;2004;2100;2100;2;6;32;1;0;5;0;L60517;1995;2040;x ♯退役
アルバート・N・スタブルバイン3世;60518;USA;1970;2100;2100;2100;3;4;0;0;0;5;0;L60518;1970;2040;x ♯退役
ジャック・C・ストゥルツ Jr.;60519;USA;1999;2006;2100;2100;2;6;1;1;0;5;0;L60519;1999;2040;x ♯退役
ウィリアム・K・スーター;60520;USA;1984;2100;2100;2100;3;4;0;0;0;5;0;L60520;1984;2040;x ♯退役
ローリー・K・サットン;60521;USA;2007;2100;2100;2100;3;3;0;0;0;5;0;L60521;2007;2040;x
ガイ・C・スワン3世;60522;USA;2000;2005;2100;2100;2;6;2;1;0;5;0;L60522;2000;2040;x ♯退役
チャールズ・H・スワンナック Jr.;60523;USA;2000;2100;2100;2100;3;5;256;1;0;5;0;L60523;2000;2040;x ♯退役
ハロルド・J・シーコラ;60524;USA;1988;2100;2100;2100;3;5;0;0;0;5;0;L60524;1988;2040;x ♯退役
ジョン・B・シルヴェスター;60525;USA;1994;2000;2100;2100;2;6;128;1;0;5;0;L60525;1994;2040;x ♯退役
アントニオ・M・タグバ;60526;USA;2000;2100;2100;2100;3;5;128;1;0;5;0;L60526;2000;2040;x ♯退役
ジェフリー・W・タリー;60527;USA;2005;2012;2100;2100;2;6;32;1;0;5;0;L60527;2005;2040;x
ジョセフ・J・タルト;60528;USA;2000;2100;2100;2100;3;5;4;1;0;5;0;L60528;2000;2040;x ♯退役
リチャード・R・テイラー;60529;USA;1967;1973;2100;2100;2;4;0;0;0;5;0;L60529;1967;2040;x ♯退役
M・テッド・ウォン;60530;USA;2010;2100;2100;2100;3;3;0;0;0;5;0;L60530;2010;2040;x
メルディス・W・B・テンプル;60531;USA;2005;2100;2100;2100;3;5;32;1;0;5;0;L60531;2005;2040;x
ジェームズ・L・テリー;60532;USA;2006;2012;2100;2100;2;6;256;2;0;5;0;L60532;2006;2040;x
スコット・L・ソーレ;60533;USA;2008;2100;2100;2100;3;5;0;0;0;5;0;L60533;2008;2040;x
チャールズ・W・トーマス;60534;USA;1994;2100;2100;2100;3;5;16;1;0;5;0;L60534;1994;2040;x ♯退役
エドモンド・R・トンプソン;60535;USA;1975;2100;2100;2100;3;5;16;1;0;5;0;L60535;1975;2040;x ♯退役
アンソニー・J・タタ;60536;USA;2005;2100;2100;2100;3;4;0;0;0;5;0;L60536;2005;2040;x ♯退役
マイケル・S・タッカー;60537;USA;2004;2009;2100;2100;2;6;128;1;0;5;0;L60537;2004;2040;x
アブラハム・J・ターナー;60538;USA;2005;2100;2100;2100;3;5;256;1;0;5;0;L60538;2005;2040;x ♯退役
トーマス・R・ターナー2世;60539;USA;1999;2006;2100;2100;2;6;256;2;0;5;0;L60539;1999;2040;x ♯退役
ジョン・ウベルティ;60540;USA;2008;2100;2100;2100;3;5;256;1;0;5;0;L60540;2008;2040;x
ロビン・ウンバーグ;60541;USA;2005;2100;2100;2100;3;3;0;0;0;5;0;L60541;2005;2040;x
デイヴィッド・P・ヴァルコート;60542;USA;2000;2008;2100;2100;2;6;64;1;0;5;0;L60542;2000;2040;x ♯退役
アルフレッド・A・バレンスエラ;60543;USA;1995;2100;2100;2100;3;5;2;1;0;5;0;L60543;1995;2040;x ♯退役
ポール・E・ヴァレリー;60544;USA;1984;2100;2100;2100;3;5;0;1;0;5;0;L60544;1984;2040;x ♯退役
ロバート・L・ヴァン・アントワープ Jr.;60545;USA;2000;2007;2100;2100;2;6;32;1;0;5;0;L60545;2000;2040;x ♯退役
ポール・J・ヴァンダープローグ;60546;USA;1986;2100;2100;2100;3;5;1;1;0;5;0;L60546;1986;2040;x ♯退役
クライド・A・ヴォーン;60547;USA;2000;2005;2100;2100;2;6;32;1;0;5;0;L60547;2000;2040;x ♯退役
ジェームズ・B・ヴォート;60548;USA;1975;1980;2100;2100;2;6;4;2;0;5;0;L60548;1975;2040;x ♯退役
フランシス・D・ヴァヴァラ;60549;USA;1995;2100;2100;2100;3;5;0;1;0;5;0;L60549;1995;2040;x
ジョン・R・ヴァインズ;60550;USA;2000;2005;2100;2100;2;6;256;1;0;5;0;L60550;2000;2040;x ♯退役
ジョセフ・L・ヴォーテル;60551;USA;2007;2012;2100;2100;2;6;256;1;0;5;0;L60551;2007;2040;x
ジョージ・J・ウォーカー;60552;USA;1980;2100;2100;2100;3;5;0;1;0;5;0;L60552;1980;2040;x ♯退役
エメット・H・ウォーカー Jr.;60553;USA;1972;1982;2100;2100;2;6;68;1;0;5;0;L60553;1972;2040;x ♯退役
カルヴァン・ウォーラー;60554;USA;1980;1985;2100;2100;2;6;0;1;0;5;0;L60554;1980;2040;x ♯退役
ジョン・E・ウォルシュ;60555;USA;2008;2100;2100;2100;3;5;0;0;0;5;0;L60555;2008;2040;x ♯退役
ヴァーノン・A・ウォルターズ;60556;USA;1970;1970;2100;2100;2;5;16;1;0;5;0;L60556;1970;2040;x ♯退役
フーバ・ワズ・デ・チェゲ;60557;USA;1985;2100;2100;2100;3;5;0;1;0;5;0;L60557;1985;2040;x ♯退役
グレゴリー・L・ウェイト;60558;USA;2005;2100;2100;2100;3;5;2;1;0;5;0;L60558;2005;2040;x ♯退役
ラ・ヴァーン・E・ウェバー;60559;USA;1974;1979;2100;2100;2;6;2;1;0;5;0;L60559;1974;2040;x ♯退役
ウィリアム・G・ウェブスター;60560;USA;2001;2009;2100;2100;2;6;0;1;0;5;0;L60560;2001;2040;x ♯退役
ジョージ・W・ウェイトマン;60561;USA;2002;2100;2100;2100;3;3;0;0;0;5;0;L60561;2002;2040;x ♯退役
シドニー・T・ウェインスタイン;60562;USA;1980;1985;2100;2100;2;5;16;1;0;5;0;L60562;1980;2040;x ♯退役
ロバート・L・ウェッツェル;60563;USA;1975;2100;2100;2100;3;5;0;1;0;5;0;L60563;1975;2040;x ♯退役
オレン・R・ホワイドン;60564;USA;1980;1987;2100;2100;2;6;0;1;0;5;0;L60564;1980;2040;x ♯退役
R・スティーブン・ウィットコム;60565;USA;1997;2004;2100;2100;2;6;128;2;0;5;0;L60565;1997;2040;x ♯退役
トーマス・E・ホワイト Jr.;60566;USA;1984;2100;2100;2100;3;5;4;1;0;5;0;L60566;1984;2040;x ♯退役
チャールズ・W・ウィッティントン Jr.;60567;USA;2009;2100;2100;2100;3;5;0;1;0;5;0;L60567;2009;2040;x
フランシス・J・ウィールチンスキ;60568;USA;2005;2010;2100;2100;2;6;256;2;0;5;0;L60568;2005;2040;x
ウィリアム・ウォルター・ウィルキンス;60569;USA;1985;2100;2100;2100;3;5;0;0;0;5;0;L60569;1985;2040;x ♯退役
ウィリアム・P・レヴァイン;60570;USA;1962;2100;2100;2100;3;5;32;1;0;5;0;L60570;1962;2040;x ♯退役
アーサー・E・ウィリアムズ;60571;USA;1985;1992;2100;2100;2;6;32;1;0;5;0;L60571;1985;2040;x ♯退役
ジェームズ・A・ウィリアムズ;60572;USA;1975;1981;2100;2100;2;6;16;1;0;5;0;L60572;1975;2040;x ♯退役
サミュエル・V・ウィルソン;60573;USA;1970;1970;2100;2100;2;6;16;1;0;5;0;L60573;1970;2040;x ♯退役
ウォルター・ウォイダコフスキ;60574;USA;1998;2100;2100;2100;3;5;256;1;0;5;0;L60574;1998;2040;x ♯退役
ラリー・D・ワイチェ;60575;USA;2010;2100;2100;2100;3;5;1;1;0;5;0;L60575;2010;2040;x
ジェームズ・C・ヤーブロー;60576;USA;2007;2100;2100;2100;3;6;256;2;0;5;0;L60576;2007;2040;x ♯退役
エルマー・P・イェーツ;60577;USA;1970;2100;2100;2100;3;5;32;1;0;5;0;L60577;1970;2040;x ♯退役
ウォルター・H・イェーツ Jr.;60578;USA;1990;2100;2100;2100;3;5;128;1;0;5;0;L60578;1990;2040;x ♯退役
ジョン・J・イェオソック;60579;USA;1980;1989;2100;2100;2;6;4;2;0;5;0;L60579;1980;2040;x ♯退役
マシュー・A・ジマーマン Jr.;60580;USA;1985;2100;2100;2100;3;3;0;0;0;5;0;L60580;1985;2040;x ♯退役
ウォルター・E・ジンク;60581;USA;2005;2100;2100;2100;3;5;0;0;0;5;0;L60581;2005;2040;x
マイケル・J・アギラール;60582;USA;1998;2100;2100;2100;3;5;258;0;0;5;0;L60582;1998;2040;x ♯退役
マイケル・J・アギラール;60583;USA;1998;2100;2100;2100;3;5;0;1;0;5;2;L60582;1998;2040;x ♯退役
ヴォーン・A・アリー;60584;USA;2006;2100;2100;2100;3;4;256;0;0;5;0;L60584;2006;2040;x
ロナルド・L・ベイリー;60585;USA;2005;2011;2100;2100;2;6;256;1;0;5;0;L60585;2005;2040;x
ハーバート・L・ベッキントン;60586;USA;1970;1970;2100;2100;2;6;256;2;0;5;0;L60586;1970;2040;x ♯退役
トーマス・A・ベネス;60587;USA;1990;2100;2100;2100;3;5;256;1;0;5;0;L60587;1990;2040;x ♯退役
トーマス・A・ベネス;60588;USA;1990;2100;2100;2100;3;5;0;1;0;5;2;L60587;1990;2040;x ♯退役
ジョン・W・バーグマン;60589;USA;1997;2003;2100;2100;2;6;131072;1;0;5;2;L60589;1997;2040;x ♯退役
デイヴィッド・F・ビーチェ;60590;USA;1997;2100;2100;2100;3;5;256;1;0;5;0;L60590;1997;2040;x ♯退役
ビセンテ・T・ブラス;60591;USA;1970;2100;2100;2100;3;5;256;1;0;5;0;L60591;1970;2040;x ♯退役
ロバート・D・ボーン;60592;USA;1970;2100;2100;2100;3;5;8192;1;0;5;0;L60592;1970;2040;x ♯退役
チャールズ・ボールデン;60593;USA;1994;2100;2100;2100;3;5;0;1;0;5;2;L60593;1994;2040;x ♯退役
デイヴィッド・M・ブラームス;60594;USA;1985;2100;2100;2100;3;5;0;1;0;5;2;L60594;1985;2040;x ♯退役
フランク・J・ブレス;60595;USA;1985;2100;2100;2100;3;5;256;1;0;5;0;L60595;1985;2040;x ♯退役
マーガレット・A・ブルーワー;60596;USA;1978;2100;2100;2100;3;4;256;0;0;5;0;L60596;1978;2040;x ♯退役
レスリー・E・ブラウン;60597;USA;1970;1970;2100;2100;2;6;8192;2;0;5;2;L60597;1970;2040;x ♯退役
ウィリアム・D・カトー;60598;USA;2000;2100;2100;2100;3;5;16384;1;0;5;2;L60598;2000;2040;x ♯退役
ジョージ・R・クリスマス;60599;USA;1986;1993;2100;2100;2;6;256;2;0;5;0;L60599;1986;2040;x ♯退役
H・ステイシー・クレーディー;60600;USA;2010;2100;2100;2100;3;5;260;1;0;5;0;L60600;2010;2040;x
マーク・A・クラーク;60601;USA;2009;2100;2100;2100;3;6;260;2;0;5;0;L60601;2009;2040;x
ロナルド・S・コールマン;60602;USA;2002;2006;2100;2100;2;6;257;1;0;5;0;L60602;2002;2040;x ♯退役
ジョン・V・コックス;60603;USA;1977;2100;2100;2100;3;6;8192;2;0;5;2;L60603;1977;2040;x ♯退役
ジョン・R・アレン;60604;USA;2003;2008;2010;2100;1;7;258;3;0;5;0;L60604;2003;2040;x ♯退役
ジェームズ・F・エイモス;60605;USA;1998;2006;2010;2100;1;7;16384;2;0;5;2;M6187;1998;2040;x
アール・E・アンダーソン;60606;USA;1968;1970;1972;2100;1;7;16384;3;0;5;2;L60606;1968;2040;x ♯退役
ロバート・H・バロウ;60607;USA;1969;1975;1979;2100;1;7;256;3;0;5;0;M6179;1969;2040;x ♯退役
ウォルター・E・ブーマー;60608;USA;1986;1990;1992;2100;1;6;256;2;0;5;0;L60608;1986;2040;x ♯退役
ジェームズ・E・カートライト;60609;USA;2000;2004;2007;2100;1;7;16384;2;0;5;2;L60609;2000;2040;x ♯退役
ジェームズ・T・コンウェイ;60610;USA;1996;2002;2006;2100;1;7;256;3;0;5;0;M6186;1996;2040;x ♯退役
ジョージ・B・クリスト;60611;USA;1975;1984;1985;2100;1;6;257;2;0;5;0;L60611;1975;2040;x ♯退役
ロバート・E・クッシュマン Jr.;60612;USA;1958;1967;1970;2100;1;7;256;3;0;5;0;M6177;1958;2040;x ♯退役
ジョン・R・デイリー;60613;USA;1982;1989;1990;2100;1;7;16384;2;0;5;2;L60613;1982;2040;x ♯退役
テレンス・R・デイク;60614;USA;1992;1995;1998;2100;1;6;16384;2;0;5;2;L60614;1992;2040;x ♯退役
ジョン・K・デイヴィス;60615;USA;1975;1981;1983;2100;1;7;16384;2;0;5;2;L60615;1975;2040;x ♯退役
ジェームズ・L・デイ;60616;USA;1976;2100;2100;2100;3;5;256;2;0;5;0;L60616;1976;2040;x ♯退役
マイケル・P・デロング;60617;USA;1993;1998;2100;2100;2;6;16384;1;0;5;2;L60617;1993;2040;x ♯退役
トーマス・V・ドラウデ;60618;USA;1989;2100;2100;2100;3;5;256;1;0;5;0;L60618;1989;2040;x ♯退役
ジョセフ・F・ダンフォード Jr.;60619;USA;2005;2008;2010;2100;1;7;256;3;0;5;0;L60619;2005;2040;x
ロス・T・ドワイヤー;60620;USA;1970;2100;2100;2100;3;5;256;2;0;5;0;L60620;1970;2040;x ♯退役
マイケル・E・エニス;60621;USA;1998;2100;2100;2100;3;5;272;1;0;5;0;L60621;1998;2040;x ♯退役
ジェームズ・M・フェイグレー;60622;USA;1998;2100;2100;2100;3;5;256;0;0;5;0;L60622;1998;2040;x ♯退役
ウォルター・D・フィルモア;60623;USA;1980;2100;2100;2100;3;5;256;1;0;5;0;L60623;1980;2040;x ♯退役
ジェームズ・F・フロック;60624;USA;2005;2100;2100;2100;3;5;131072;1;0;5;2;L60624;2005;2040;x ♯退役
カールトン・W・フルフォード Jr.;60625;USA;1991;1996;1998;2100;2;6;256;2;0;5;0;L60625;1991;2040;x ♯退役
ドナルド・R・ガードナー;60626;USA;1984;2100;2100;2100;3;5;256;1;0;5;0;L60626;1984;2040;x ♯退役
ウォルター・E・ガスキン;60627;USA;2002;2008;2100;2100;2;6;260;2;0;5;0;L60627;2002;2040;x ♯退役
ティモシー・F・ゴームレー;60628;USA;1999;2100;2100;2100;3;5;256;1;0;5;0;L60628;1999;2040;x ♯退役
ジョン・F・グッドマン;60629;USA;1997;2004;2100;2100;2;6;8192;1;0;5;0;L60629;1997;2040;x ♯退役
アルフレッド・M・グレイ Jr.;60630;USA;1976;1984;1987;2100;1;7;256;3;0;5;0;M6181;1976;2040;x ♯退役
チャールズ・M・ガーガナス;60631;USA;2005;2100;2100;2100;3;5;256;1;0;5;0;L60631;2005;2040;x ♯退役
ロバート・E・ハーベル;60632;USA;1976;2100;2100;2100;3;5;256;1;0;5;0;L60632;1976;2040;x ♯退役
マイケル・ヘギー;60633;USA;1993;1999;2003;2100;1;7;256;2;0;5;0;M6185;1993;2040;x ♯退役
アール・B・ハイルストン;60634;USA;1994;1999;2100;2100;2;6;256;1;0;5;0;L60634;1994;2040;x ♯退役
ヒュー・W・ハーディ;60635;USA;1973;2100;2100;2100;3;5;256;1;0;5;0;L60635;1973;2040;x ♯退役
J・マイケル・ヘイズ;60636;USA;1995;2100;2100;2100;3;5;256;0;0;5;0;L60636;1995;2040;x ♯退役
リチャード・D・ヘアーニー;60637;USA;1986;1990;1994;2100;1;6;131072;2;0;5;2;L60637;1986;2040;x ♯退役
デニス・J・ヘイリク;60638;USA;2001;2008;2100;2100;2;6;256;2;0;5;0;L60638;2001;2040;x ♯退役
ジョセフ・P・ホア;60639;USA;1984;1990;1991;2100;1;7;256;3;0;5;0;L60639;1984;2040;x ♯退役
リチャード・A・ハック;60640;USA;1999;2100;2100;2100;3;5;256;1;0;5;0;L60640;1999;2040;x ♯退役
ヤン・C・ハリー;60641;USA;1995;2003;2100;2100;2;6;256;2;0;5;0;L60641;1995;2040;x ♯退役
サミュエル・ジャスキルカ;60642;USA;1968;1974;1976;2100;1;7;256;2;0;5;0;L60642;1968;2040;x ♯退役
ハリー・W・ジェンキンス;60643;USA;1988;2100;2100;2100;3;5;256;0;0;5;0;L60643;1988;2040;x ♯退役
カール・B・ジェンセン;60644;USA;2005;2100;2100;2100;3;5;131072;1;0;5;2;L60644;2005;2040;x
ロバート・B・ジョンストン;60645;USA;1986;1990;2100;2100;2;6;256;2;0;5;0;L60645;1986;2040;x ♯退役
ジェームズ・L・ジョーンズ;60646;USA;1992;1996;1999;2100;1;7;256;3;0;5;0;M6184;1992;2040;x ♯退役
ジョン・F・ケリー;60647;USA;2003;2009;2013;2100;1;7;260;3;0;5;0;L60647;2003;2040;x
チャールズ・C・クルラク;60648;USA;1987;1992;1995;2100;1;7;256;3;0;5;0;M6183;1987;2040;x ♯退役
ケヴィン・B・ククロク;60649;USA;1992;2100;2100;2100;3;5;16384;1;0;5;2;L60649;1992;2040;x ♯退役
ローレンス・F・スノーデン;60650;USA;1970;1975;2100;2100;2;6;256;1;0;5;0;L60650;1970;2040;x ♯退役
ポール・E・ルフェーブル;60651;USA;2003;2100;2100;2100;3;5;256;1;0;5;0;L60651;2003;2040;x ♯退役
マイケル・R・レーナート;60652;USA;2001;2100;2100;2100;3;4;0;0;0;5;0;L60652;2001;2040;x ♯退役
フランク・リブッティ;60653;USA;1992;1996;2100;2100;2;6;256;1;0;5;0;L60653;1992;2040;x ♯退役
ジェームズ・E・リヴィングストン;60654;USA;1988;2100;2100;2100;3;5;256;1;0;5;0;L60654;1988;2040;x ♯退役
ローレンス・H・リヴィングストン;60655;USA;1991;2100;2100;2100;3;5;256;1;0;5;0;L60655;1991;2040;x ♯退役
ジャーヴィス・D・リンチ Jr.;60656;USA;1985;2100;2100;2100;3;5;257;1;0;5;0;L60656;1985;2040;x ♯退役
ロバート・マグナス;60657;USA;1995;2001;2005;2100;1;7;16384;2;0;5;2;L60657;1995;2040;x ♯退役
ジェームズ・N・マティス;60658;USA;2000;2005;2010;2100;1;7;256;3;0;5;0;L60658;2000;2040;x ♯退役
ケネス・マクナレン;60659;USA;1972;1978;1979;2100;1;7;256;3;0;5;0;L60659;1972;2040;x ♯退役
ジョセフ・J・マクメナミン;60660;USA;2004;2100;2100;2100;3;5;256;1;0;5;0;L60660;2004;2040;x
ジョセフ・V・メディナ;60661;USA;2001;2100;2100;2100;3;5;256;1;0;5;0;L60661;2001;2040;x ♯退役
ジェラルド・L・ミラー;60662;USA;1992;2100;2100;2100;3;4;0;0;0;5;2;L60662;1992;2040;x ♯退役
ウォルター・リー・ミラー Jr.;60663;USA;2009;2100;2100;2100;3;5;256;1;0;5;0;L60663;2009;2040;x
リチャード・P・ミルズ;60664;USA;2004;2011;2100;2100;2;6;256;2;0;5;0;L60664;2004;2040;x
トーマス・R・モーガン;60665;USA;1977;1985;1986;2100;1;7;16384;2;0;5;2;L60665;1977;2040;x ♯退役
カール・エプティング・マンディ Jr.;60666;USA;1982;1988;1991;2100;1;7;256;3;0;5;0;M6182;1982;2040;x ♯退役
キャロル・A・ムター;60667;USA;1991;1996;2100;2100;2;6;256;2;0;5;0;L60667;1991;2040;x ♯退役
リチャード・F・ナトンスキ;60668;USA;1998;2006;2100;2100;2;6;256;2;0;5;0;L60668;1998;2040;x ♯退役
リチャード・I・ニール;60669;USA;1989;1994;1996;2100;1;7;256;2;0;5;0;L60669;1989;2040;x ♯退役
グレゴリー・S・ニューボールド;60670;USA;1992;1997;2100;2100;2;6;257;1;0;5;0;L60670;1992;2040;x ♯退役
ウィリアム・L・ナイランド;60671;USA;1994;2000;2002;2100;1;7;16384;3;0;5;2;L60671;1994;2040;x ♯退役
ジェフリー・W・オスター;60672;USA;1988;1995;2100;2100;2;6;256;1;0;5;0;L60672;1988;2040;x ♯退役
ピーター・ペース;60673;USA;1994;1996;2000;2100;1;8;256;3;0;5;0;M6136;1994;2040;x ♯退役
レスリー・M・パーム;60674;USA;1992;2100;2100;2100;3;5;256;1;0;5;0;L60674;1992;2040;x ♯退役
ジョン・M・パクストン Jr.;60675;USA;2003;2008;2012;2100;1;7;256;2;0;5;0;L60675;2003;2040;x
フランク・E・ピーターセン;60676;USA;1979;1986;2100;2100;2;6;16384;1;0;5;2;L60676;1979;2040;x ♯退役
アーノルド・L・プナロ;60677;USA;1993;2100;2100;2100;3;5;256;1;0;5;0;L60677;1993;2040;x ♯退役
フランシス・E・クインラン;60678;USA;2003;2100;2100;2100;3;5;256;0;0;5;0;L60678;2003;2040;x ♯退役
ロレッタ・E・レイノルズ;60679;USA;2009;2100;2100;2100;3;5;256;1;0;5;0;L60679;2009;2040;x ♯退役
ロナルド・G・リチャード;60680;USA;1993;2100;2100;2100;3;5;256;1;0;5;0;L60680;1993;2040;x ♯退役
ウォレス・H・ロビンソン;60681;USA;1966;1971;2100;2100;2;6;257;1;0;5;0;L60681;1966;2040;x ♯退役
ウェイン・E・ローリングス;60682;USA;1993;2100;2100;2100;3;5;256;1;0;5;0;L60682;1993;2040;x ♯退役
アンジェラ・アリナス;60683;USA;2006;2100;2100;2100;3;5;256;0;0;5;0;L60683;2006;2040;x ♯退役
ジョン・F・ザットラー;60684;USA;1997;2005;2100;2100;2;6;256;1;0;5;0;L60684;1997;2040;x ♯退役
ジョン・J・シーハン;60685;USA;1987;1991;1994;2100;1;7;256;2;0;5;0;L60685;1987;2040;x ♯退役
マイケル・K・シェリダン;60686;USA;1984;2100;2100;2100;3;5;256;0;0;5;0;L60686;1984;2040;x ♯退役
エドウィン・H・シモンズ;60687;USA;1968;2100;2100;2100;3;6;260;2;0;5;0;L60687;1968;2040;x ♯退役
レイ・L・スミス;60688;USA;1991;2100;2100;2100;3;5;256;1;0;5;0;L60688;1991;2040;x ♯退役
ラルフ・H・スパンジャー;60689;USA;1970;2100;2100;2100;3;5;0;1;0;5;2;L60689;1970;2040;x ♯退役
ヘンリー・C・スタックポール3世;60690;USA;1984;1990;2100;2100;2;6;256;1;0;5;0;L60690;1984;2040;x ♯退役
キース・J・シュタルダー;60691;USA;2000;2008;2100;2100;2;6;256;1;0;5;0;L60691;2000;2040;x ♯退役
クリフォード・L・スタンレー;60692;USA;1994;2100;2100;2100;3;5;256;1;0;5;0;L60692;1994;2040;x ♯退役
マーティン・R・スティール;60693;USA;1993;1996;2100;2100;2;6;384;2;0;5;0;L60693;1993;2040;x ♯退役
ジョセフ・D・スチュワート;60694;USA;1988;2100;2100;2100;3;5;256;1;0;5;0;L60694;1984;2040;x ♯退役
ジョセフ・D・スチュワート;60695;USA;1998;2000;2100;2100;2;5;0;1;0;5;1;L60694;1998;2040;x ♯退役
ダグラス・M・ストーン;60696;USA;2009;2100;2100;2100;3;5;256;1;0;5;0;L60696;2009;2040;x
グレッグ・A・ストゥードヴァント;60697;USA;2003;2100;2100;2100;3;5;16384;1;0;5;2;L60697;2003;2040;x ♯退役
デュアン・D・ティーセン;60698;USA;2004;2010;2100;2100;2;6;16384;1;0;5;2;L60698;2004;2040;x
ジョン・A・トーラン;60699;USA;2006;2012;2100;2100;2;6;272;1;0;5;0;L60699;2006;2040;x
バーナード・E・トレイナー;60700;USA;1976;1983;2100;2100;2;6;258;2;0;5;0;L60700;1976;2040;x ♯退役
ジョージ・J・トラウトマン3世;60701;USA;2000;2007;2100;2100;2;6;16384;2;0;5;2;L60701;2000;2040;x ♯退役
ジェームス・R・ヴァン・デン・エルゼン;60702;USA;1981;2100;2100;2100;3;5;256;1;0;5;0;L60702;1981;2040;x ♯退役
ポール・K・ヴァン・リッパー;60703;USA;1990;1995;2100;2100;3;6;256;2;0;5;0;L60703;1990;2040;x ♯退役
ガイ・ヴァンダー・リンデン;60704;USA;2000;2100;2100;2100;3;5;256;0;0;5;0;L60704;2000;2040;x ♯退役
ジョセフ・J・ウェント;60705;USA;1978;1985;1988;2100;1;7;16384;2;0;5;2;L60705;1978;2040;x ♯退役
マイケル・C・ホーレー;60706;USA;1993;2100;2100;2100;3;4;0;0;0;5;2;L60706;1993;2040;x ♯退役
チャールズ・E・ウィルヘルム;60707;USA;1988;1994;1997;2100;1;7;256;2;0;5;0;L60707;1988;2040;x ♯退役
ジェームズ・L・ウィリアムズ;60708;USA;2003;2100;2100;2100;3;5;256;2;0;5;0;L60708;2003;2040;x ♯退役
マイケル・J・ウィリアムズ;60709;USA;1992;1998;2000;2100;1;7;16384;2;0;5;2;L60709;1992;2040;x ♯退役
ピーター・D・ウィリアムズ;60710;USA;1988;2100;2100;2100;3;5;16384;1;0;5;2;L60710;1988;2040;x ♯退役
コーネル・A・ウィルソン Jr.;60711;USA;1999;2100;2100;2100;3;5;257;1;0;5;0;L60711;1999;2040;x
フランシス・C・ウィルソン;60712;USA;2000;2006;2100;2100;2;6;265;1;0;5;0;L60712;2000;2040;x ♯退役
ルイス・H・ウィルソン Jr.;60713;USA;1966;1972;1975;2100;1;7;256;3;0;5;0;M6178;1966;2040;x ♯退役
アンソニー・C・ジニ;60714;USA;1989;1994;1997;2100;1;7;256;2;0;5;0;L60714;1989;2040;x ♯退役
リチャード・F・アーベル;60715;USA;1978;2100;2100;2100;3;5;0;1;0;5;2;L60715;1978;2040;x ♯退役
ジェームズ・アラン・アブラハム;60716;USA;1976;1982;2100;2100;2;7;4096;2;0;5;2;L60716;1976;2040;x ♯退役
ウィリアム・P・アッカー;60717;USA;1973;2100;2100;2100;3;5;16384;2;0;5;2;L60717;1973;2040;x ♯退役
クリストファー・S・アダムス Jr.;60718;USA;1980;2100;2100;2100;3;5;32768;1;0;5;2;L60718;1980;2040;x ♯退役
ジミー・V・アダムス;60719;USA;1979;1985;1991;2100;1;7;16384;3;0;5;2;L60719;1979;2040;x ♯退役
ハリー・C・アダーホルト;60720;USA;1973;2100;2100;2100;3;5;0;1;0;5;2;L60720;1973;2040;x ♯退役
ジョセフ・A・アハーン;60721;USA;1983;2100;2100;2100;3;5;0;0;0;5;2;L60721;1983;2040;x ♯退役
ティモシー・I・アハーン;60722;USA;1968;2100;2100;2100;3;5;8192;1;0;5;2;L60722;1968;2040;x ♯退役
ドナルド・O・オルドリッジ;60723;USA;1981;1989;2100;2100;2;6;32768;2;0;5;2;L60723;1981;2040;x ♯退役
ジョージ・C・アレン2世;60724;USA;1996;2100;2100;2100;3;4;0;0;0;5;2;L60724;1996;2040;x ♯退役
ジョン・L・アレン Jr.;60725;USA;1984;2100;2100;2100;3;5;32768;1;0;5;2;L60725;1984;2040;x ♯退役
ルー・アレン Jr.;60726;USA;1969;1973;1978;2100;2;7;32768;3;0;5;2;M6163;1969;2040;x ♯退役
セオドア・C・アルムクイスト;60727;USA;1988;2100;2100;2100;3;3;0;0;0;5;2;L60727;1988;2040;x ♯退役
ドウェイン・A・アローンズ;60728;USA;1990;2100;2100;2100;3;5;0;1;0;5;2;L60728;1990;2040;x ♯退役
C・ドナルド・アルストン;60729;USA;2001;2100;2100;2100;3;5;32768;1;0;5;2;L60729;2001;2040;x ♯退役
ラッセル・J・アナード;60730;USA;1993;2100;2100;2100;3;5;32768;1;0;5;2;L60730;1993;2040;x ♯退役
エドガー・R・アンダーソン Jr.;60731;USA;1986;1994;2100;2100;2;3;0;0;0;5;2;L60731;1986;2040;x ♯退役
ジョージ・K・アンダーソン;60732;USA;1987;2100;2100;2100;3;3;0;0;0;5;2;L60732;1987;2040;x ♯退役
リカルド・アポンテ;60733;USA;2001;2100;2100;2100;3;5;16384;1;0;5;2;L60733;2001;2040;x ♯退役
リタ・A・アラゴン;60734;USA;2003;2100;2100;2100;3;5;0;0;0;5;2;L60734;2003;2040;x ♯退役
ニーナ・M・アルマグノ;60735;USA;2013;2100;2100;2100;3;5;0;0;0;5;2;L60735;2013;2040;x
ブライアン・A・アーノルド;60736;USA;1995;1999;2100;2100;2;6;0;1;0;5;2;L60736;1995;2040;x ♯退役
ジョセフ・W・アシュ;60737;USA;1984;1989;1994;2100;1;7;16384;3;0;5;2;L60737;1984;2040;x ♯退役
アンダーソン・W・アトキンソン;60738;USA;1973;2100;2100;2100;3;5;8192;1;0;5;2;L60738;1973;2040;x ♯退役
クラレンス・R・オウタリー;60739;USA;1977;2100;2100;2100;3;5;8192;1;0;5;2;L60739;1977;2040;x ♯退役
ポール・L・エアーズ;60740;USA;2008;2100;2100;2100;3;5;0;0;0;5;2;L60740;2008;2040;x
ジョージ・T・バビット Jr.;60741;USA;1990;1995;1997;2100;1;7;0;2;0;5;2;L60741;1990;2040;x ♯退役
ロバート・E・ベイリー;60742;USA;1999;2100;2100;2100;3;5;0;1;0;5;2;L60742;1999;2040;x
マーガレット・H・ベア;60743;USA;2009;2100;2100;2100;3;4;0;0;0;5;2;L60743;2009;2040;x ♯退役
マートン・W・ベイカー;60744;USA;1970;2100;2100;2100;3;5;0;1;0;5;2;L60744;1970;2040;x ♯退役
ドナルド・H・バルチ;60745;USA;1976;2100;2100;2100;3;5;0;0;0;5;2;L60745;1976;2040;x ♯退役
チャールズ・C・ボールドウィン;60746;USA;1998;2100;2100;2100;3;3;0;0;0;5;2;L60746;1998;2040;x ♯退役
スチュアート・E・バースタッド;60747;USA;1982;2100;2100;2100;3;3;0;0;0;5;2;L60747;1982;2040;x ♯退役
ロナルド・J・バス;60748;USA;1999;2100;2100;2100;3;5;8192;1;0;5;2;L60748;1999;2040;x ♯退役
ロバート・W・バズレー;60749;USA;1976;1979;1984;2100;1;7;16384;3;0;5;2;L60749;1976;2040;x ♯退役
ウィリアム・J・ベガート;60750;USA;1991;1997;2001;2100;1;6;65536;2;0;5;2;L60750;1991;2040;x ♯退役
グレゴリー・A・ビスコーン;60751;USA;2006;2010;2100;2100;2;6;32768;1;0;5;2;L60751;2006;2040;x
フランクリン・J・ブレイズデル;60752;USA;1993;2100;2100;2100;3;5;0;1;0;5;2;L60752;1993;2040;x ♯退役
ウィリアム・J・ボードレー;60753;USA;1995;2100;2100;2100;3;4;0;0;0;5;2;L60753;1995;2040;x ♯退役
ビリー・J・ボールズ;60754;USA;1983;1988;1995;2100;1;7;0;2;0;5;2;L60754;1983;2040;x ♯退役
ダナ・H・ボルン;60755;USA;2004;2100;2100;2100;3;4;0;0;0;5;2;L60755;2004;2040;x ♯退役
テッド・F・ボウルズ;60756;USA;2002;2007;2100;2100;2;6;0;1;0;5;2;L60756;2002;2040;x ♯退役
チャールズ・G・ボイド;60757;USA;1985;1990;1992;2100;1;8;4096;3;0;5;2;L60757;1985;2040;x ♯退役
ロジャー・A・ブレイディ;60758;USA;1995;2004;2008;2100;1;7;4096;2;0;5;2;L60758;1995;2040;x ♯退役
ジョセフ・J・ブランドムール;60759;USA;2009;2100;2100;2100;3;4;0;0;0;5;2;L60759;2009;2040;x ♯退役
マイケル・G・ブラント;60760;USA;2005;2100;2100;2100;3;5;0;1;0;5;2;L60760;2005;2040;x ♯退役
アーノルド・W・ブラスウェル;60761;USA;1973;1978;2100;2100;2;6;8192;2;0;5;2;L60761;1973;2040;x ♯退役
ジェームズ・M・ブリードラブ;60762;USA;1970;2100;2100;2100;3;5;0;1;0;5;2;L60762;1970;2040;x ♯退役
フィリップ・M・ブリードラブ;60763;USA;2003;2008;2011;2100;1;7;8192;2;0;5;2;L60763;2003;2040;x
デヴォル・ブレット;60764;USA;1970;1973;2100;2100;2;6;0;2;0;5;2;L60764;1970;2040;x ♯退役
ロイ・D・ブリッジズ Jr.;60765;USA;1990;2100;2100;2100;3;4;0;0;0;5;2;L60765;1990;2040;x ♯退役
ヒュー・T・ブルーモール;60766;USA;2004;2100;2100;2100;3;5;65536;1;0;5;2;L60766;2004;2040;x ♯退役
チャールズ・Q・ブラウン Jr.;60767;USA;2010;2100;2100;2100;3;5;0;0;0;5;2;L60767;2010;2040;x ♯退役
ノーマ・エレイン・ブラウン;60768;USA;1974;2100;2100;2100;3;4;0;0;0;5;2;L60768;1974;2040;x ♯退役
ジーン・ブディッグ;60769;USA;1982;2100;2100;2100;3;4;0;0;0;5;2;L60769;1982;2040;x ♯退役
ロバート・A・ブーテ;60770;USA;1984;2100;2100;2100;3;3;0;0;0;5;2;L60770;1984;2040;x ♯退役
トッド・M・バンティング;60771;USA;2004;2100;2100;2100;3;5;0;1;0;5;2;L60771;2004;2040;x
クリストファー・F・バーン;60772;USA;2008;2014;2100;2100;2;6;0;1;0;5;2;L60772;2008;2040;x
ドナルド・J・バッツ;60773;USA;1982;2100;2100;2100;3;3;0;0;0;5;2;L60773;1982;2040;x ♯退役
ジョージ・リー・バトラー;60774;USA;1984;1989;1991;2100;1;7;32768;2;0;5;2;L60774;1984;2040;x ♯退役
マイケル・J・キャリー;60775;USA;2008;2100;2100;2100;3;5;0;1;0;5;2;L60775;2008;2040;x ♯退役
ハーバート・J・カーライル;60776;USA;2005;2009;2012;2100;1;7;8192;3;0;5;2;L60776;2005;2040;x
ブルース・A・カールソン;60777;USA;1996;2000;2005;2100;1;7;8192;2;0;5;2;L60777;1996;2040;x ♯退役
ポール・K・カールトン;60778;USA;1970;1970;1972;2100;1;7;32768;3;0;5;2;L60778;1970;2040;x ♯退役
ポール・K・カールトン Jr.;60779;USA;1991;1999;2100;2100;2;4;0;0;0;5;2;L60779;1991;2040;x ♯退役
マイケル・P・C・カーンズ;60780;USA;1982;1989;1991;2100;1;7;8192;2;0;5;2;L60780;1982;2040;x ♯退役
パトリック・P・カルアナ;60781;USA;1991;2100;2100;2100;3;5;0;0;0;5;2;L60781;1991;2040;x ♯退役
フレッド・F・キャッスル Jr.;60782;USA;1994;2100;2100;2100;3;5;0;1;0;5;2;L60782;1994;2040;x ♯退役
ジャック・J・カットン;60783;USA;1964;1968;1972;2100;1;7;0;3;0;5;2;L60783;1964;2040;x ♯退役
ジョン・T・チェイン Jr.;60784;USA;1975;1981;1985;2100;1;7;0;2;0;5;2;L60784;1975;2040;x ♯退役
キャロル・H・チャンドラー;60785;USA;1997;2002;2007;2100;1;7;8192;2;0;5;2;L60785;1997;2040;x ♯退役
ケヴィン・P・チルトン;60786;USA;1999;2005;2006;2100;1;7;8192;2;0;5;2;L60786;1999;2040;x ♯退役
メルヴィン・F・チャブ Jr.;60787;USA;1977;1984;2100;2100;2;6;0;2;0;5;2;L60787;1977;2040;x ♯退役
ケーリー・C・チュン;60788;USA;2009;2100;2100;2100;3;5;0;0;0;5;2;L60788;2009;2040;x
ジェームズ・R・クラッパー;60789;USA;1985;1991;2100;2100;2;6;0;1;0;5;2;L60789;1985;2040;x ♯退役
アルバート・P・クラーク;60790;USA;1965;1970;2100;2100;2;6;0;2;0;5;2;L60790;1965;2040;x ♯退役
リンウッド・E・クラーク;60791;USA;1973;1981;2100;2100;3;6;16384;2;0;5;2;L60791;1973;2040;x ♯退役
トゥルーディ・H・クラーク;60792;USA;1999;2100;2100;2100;3;4;0;0;0;5;2;L60792;1999;2040;x ♯退役
スタンリー・E・クラーク3世;60793;USA;2005;2011;2100;2100;2;6;16384;2;0;5;2;L60793;2005;2040;x ♯退役
ルシウス・D・クレイ Jr.;60794;USA;1964;1968;1971;2100;1;7;32768;3;0;5;2;L60794;1964;2040;x ♯退役
チャールズ・G・クリーブランド;60795;USA;1975;1981;2100;2100;2;6;16384;2;0;5;2;L60795;1975;2040;x ♯退役
ジョン・A・コリンズ;60796;USA;1980;2100;2100;2100;3;3;0;0;0;5;2;L60796;1980;2040;x ♯退役
ロジャー・E・コムズ;60797;USA;1999;2100;2100;2100;3;5;0;1;0;5;2;L60797;1999;2040;x ♯退役
ジョン・B・コナウェイ;60798;USA;1981;1988;2100;2100;2;6;0;1;0;5;2;L60798;1981;2040;x ♯退役
ドナルド・G・クック;60799;USA;1993;1999;2001;2100;1;7;32768;2;0;5;2;L60799;1993;2040;x ♯退役
ジョン・D・W・コーリー;60800;USA;1999;2003;2005;2100;1;7;0;2;0;5;2;L60800;1999;2040;x ♯退役
スティーブン・P・コートライト;60801;USA;1989;2100;2100;2100;3;5;0;1;0;5;2;L60801;1989;2040;x ♯退役
アーネスト・T・クラッグ;60802;USA;1984;2100;2100;2100;3;5;16384;1;0;5;2;L60802;1970;2040;x ♯退役
レジナルド・M・クラム;60803;USA;1966;2100;2100;2100;3;4;0;0;0;5;2;L60803;1966;2040;x ♯退役
スティーヴン・A・クレイ;60804;USA;2007;2100;2100;2100;3;5;0;1;0;5;2;L60804;2007;2040;x
ウィルバー・L・クリーチ;60805;USA;1971;1974;1978;2100;1;7;0;2;0;5;2;L60805;1971;2040;x ♯退役
ジョン・R・クロフト;60806;USA;2002;2100;2100;2100;3;4;0;0;0;5;2;L60806;2002;2040;x ♯退役
ドワード・L・クロウ;60807;USA;1964;1973;2100;2100;2;5;0;1;0;5;2;L60807;1964;2040;x ♯退役
ルーベン・A・クベロ;60808;USA;1991;2100;2100;2100;3;5;8192;1;0;5;2;L60808;1991;2040;x ♯退役
ジェームズ・B・カリー;60809;USA;1974;2100;2100;2100;3;5;32768;1;0;5;2;L60809;1974;2040;x ♯退役
ウィリアム・D・カリー Jr.;60810;USA;1975;2100;2100;2100;3;5;16384;1;0;5;2;L60810;1975;2040;x ♯退役
デイヴィッド・H・サイル;60811;USA;2008;2100;2100;2100;3;3;0;0;0;5;2;L60811;2008;2040;x ♯退役
ジョン・R・ダラガー;60812;USA;1995;2000;2100;2100;2;6;0;1;0;5;2;L60812;1995;2040;x ♯退役
ジェームズ・E・ダルトン;60813;USA;1975;1980;1983;2100;1;6;0;2;0;5;2;L60813;1975;2040;x ♯退役
ハリー・M・ダームスタンドラー;60814;USA;1970;2100;2100;2100;3;5;32768;1;0;5;2;L60814;1970;2040;x ♯退役
ベニー・L・デイヴィス;60815;USA;1968;1975;1981;2100;1;7;32768;2;0;5;2;L60815;1968;2040;x ♯退役
ジェームズ・B・デイヴィス;60816;USA;1979;1986;1991;2100;1;7;16384;2;0;5;2;L60816;1979;2040;x ♯退役
ラッセル・C・デイヴィス;60817;USA;1982;1998;2100;2100;2;6;65536;2;0;5;2;L60817;1982;2040;x ♯退役
ロジャー・G・デコック;60818;USA;1992;1996;2100;2100;2;6;0;1;0;5;2;L60818;1992;2040;x ♯退役
ドナルド・R・デルーサー;60819;USA;1983;2100;2100;2100;3;5;0;1;0;5;2;L60819;1983;2040;x ♯退役
ウィリアム・ジョセフ・デンディンガー;60820;USA;1991;2100;2100;2100;3;3;0;0;0;5;2;L60820;1991;2040;x ♯退役
スーザン・Y・デジャルダン;60821;USA;2006;2100;2100;2100;3;5;0;0;0;5;2;L60821;2006;2040;x
ロバート・J・ディクソン;60822;USA;1965;1970;1973;2100;1;7;8192;2;0;5;2;L60822;1965;2040;x ♯退役
テレサ・A・H・ジュリック;60823;USA;2008;2100;2100;2100;3;5;0;0;0;5;2;L60823;2008;2040;x
マイロン・N・ドバシ;60824;USA;1996;2100;2100;2100;3;5;0;1;0;5;2;L60824;1996;2040;x ♯退役
ウィリアム・J・ドナヒュー;60825;USA;1992;1997;2100;2100;2;6;0;1;0;5;2;L60825;1992;2040;x ♯退役
チャールズ・L・ドネリー Jr.;60826;USA;1975;1980;1984;2100;1;7;0;2;0;5;2;L60826;1975;2040;x ♯退役
ジョン・W・ドセット;60827;USA;2010;2100;2100;2100;3;5;0;1;0;5;2;L60827;2010;2040;x
ラッセル・E・ドハティ;60828;USA;1965;1969;1972;2100;1;7;0;2;0;5;2;L60828;1965;2040;x ♯退役
フランク・M・ドリュー;60829;USA;1974;2100;2100;2100;3;5;16384;1;0;5;2;L60829;1974;2040;x ♯退役
ハンス・H・ドリーズナック;60830;USA;1972;1978;2100;2100;2;6;16384;2;0;5;2;L60830;1972;2040;x ♯退役
マイケル・D・ドゥビエ;60831;USA;2006;2012;2100;2100;2;6;0;1;0;5;2;L60831;2006;2040;x
チャールズ・M・デューク Jr.;60832;USA;1970;2100;2100;2100;3;5;32768;0;0;5;2;L60832;1970;2040;x ♯退役
ドナルド・P・ダンバー;60833;USA;2007;2100;2100;2100;3;5;0;1;0;5;2;L60833;2007;2040;x
シャロン・K・G・ダンバー;60834;USA;2008;2100;2100;2100;3;5;0;1;0;5;2;L60834;2008;2040;x
チャールズ・J・ダンラップ Jr.;60835;USA;2000;2100;2100;2100;3;3;0;0;0;5;2;L60835;2000;2040;x ♯退役
